,Symbol,Owner,Relationship,Date,Cost,# Shares,Value($),Total Shares,Filing,Type,currentprice,movingaverage
1,ONDS,Reisfield Derek,Director,"Jun 15, 2021",$8.35,5000,41750,29314,"Jun 17, 2021, 08:32 PM",buy,7.96999979019165,9.467185186456751
2,AMHG,Pruitt Michael D,CEO,"Jun 17, 2021",$0.57,1250,715,20876,"Jun 17, 2021, 08:19 PM",buy,0.5379999876022339,0.6300089284777641
3,PDSB,Ali-Jackson Kamil,Director,"Jun 15, 2021",$8.50,11764,99994,11764,"Jun 17, 2021, 07:09 PM",buy,11.520000457763672,4.371999994251463
4,PDSB,VAN VOORHEES SETH,Chief Financial Officer,"Jun 15, 2021",$8.50,17647,150000,17647,"Jun 17, 2021, 06:52 PM",buy,11.520000457763672,4.371999994251463
5,GRTX,West Linda,Director,"Jun 15, 2021",$9.13,10000,91300,40000,"Jun 17, 2021, 06:41 PM",buy,9.199999809265137,10.023055545488994
6,RIG,Perestroika,Director,"Jun 16, 2021",$4.20,2000000,8400000,72740354,"Jun 17, 2021, 06:31 PM",buy,3.880000114440918,2.832611119416025
7,RIG,Perestroika,Director,"Jun 15, 2021",$4.17,3000000,12510000,70740354,"Jun 17, 2021, 06:31 PM",buy,3.880000114440918,2.832611119416025
8,RIG,Mohn Frederik Wilhelm,Director,"Jun 16, 2021",$4.20,2000000,8400000,72740354,"Jun 17, 2021, 06:29 PM",buy,3.880000114440918,2.832611119416025
9,RIG,Mohn Frederik Wilhelm,Director,"Jun 15, 2021",$4.17,3000000,12510000,70740354,"Jun 17, 2021, 06:29 PM",buy,3.880000114440918,2.832611119416025
10,ASAN,Moskovitz Dustin A.,"President, CEO, & Chair","Jun 16, 2021",$49.64,160000,7943101,2350000,"Jun 17, 2021, 06:08 PM",buy,57.79999923706055,31.606777795155843
11,ASAN,Moskovitz Dustin A.,"President, CEO, & Chair","Jun 15, 2021",$46.56,160000,7449354,2190000,"Jun 17, 2021, 06:08 PM",buy,57.79999923706055,31.606777795155843
12,EMMA,Niihara Yutaka,Chairman and CEO,"Jun 15, 2021",$1.60,1990,3184,10763121,"Jun 17, 2021, 05:04 PM",buy,1.590000033378601,1.2874999990065892
13,EMMA,Niihara Yutaka,Chairman and CEO,"Jun 16, 2021",$1.60,500,800,10763621,"Jun 17, 2021, 05:04 PM",buy,1.590000033378601,1.2874999990065892
14,IGR,Stam Heidi,Director,"Jun 16, 2021",$8.95,2794,25006,10820,"Jun 17, 2021, 04:44 PM",buy,8.680000305175781,7.2554444577958845
15,GEO,ZOLEY GEORGE C,Chairman & CEO,"Jun 15, 2021",$6.75,166644,1124047,3000000,"Jun 17, 2021, 04:40 PM",buy,7.619999885559082,8.071333320935567
16,NNBR,Veltman Warren A,President and CEO,"Jun 17, 2021",$7.05,20000,141000,213624,"Jun 17, 2021, 04:34 PM",buy,6.849999904632568,6.825222232606676
17,ALZN,AULT MILTON C III,10% Owner,"Jun 15, 2021",$5.00,2000000,10000000,5094555,"Jun 17, 2021, 04:31 PM",buy,9.029999732971191,10.742500066757202
18,CTHR,SYKES OLLIN B,Director,"Jun 16, 2021",$2.65,10000,26500,1371000,"Jun 17, 2021, 04:30 PM",buy,2.7300000190734863,1.996944444709354
19,CTHR,SYKES OLLIN B,Director,"Jun 15, 2021",$2.65,5000,13250,1361000,"Jun 17, 2021, 04:30 PM",buy,2.7300000190734863,1.996944444709354
20,XAIR,BECK DOUGLAS,Chief Financial Officer,"Jun 16, 2021",$5.38,1000,5380,22460,"Jun 17, 2021, 04:23 PM",buy,5.130000114440918,5.6295555353164675
21,PFSI,NANJI FARHAD,Director,"Jun 16, 2021",$62.12,25000,1553000,3395482,"Jun 17, 2021, 04:12 PM",buy,62.529998779296875,60.630111037360294
22,PFSI,NANJI FARHAD,Director,"Jun 15, 2021",$61.93,168915,10460906,3370482,"Jun 17, 2021, 04:12 PM",buy,62.529998779296875,60.630111037360294
23,MGNX,BIOTECH TARGET N V,10% Owner,"Jun 15, 2021",$20.53,75000,1539615,6100564,"Jun 17, 2021, 02:54 PM",buy,21.889999389648438,25.53027776082357
24,MGNX,BIOTECH TARGET N V,10% Owner,"Jun 16, 2021",$21.04,100000,2104390,6200564,"Jun 17, 2021, 02:54 PM",buy,21.889999389648438,25.53027776082357
25,ENBP,Lefever Willis R,Director,"Jun 17, 2021",$21.75,100,2175,12382,"Jun 17, 2021, 02:25 PM",buy,21.6200008392334,20.159111150105794
26,FGBI,Smith Edgar R. III,Director,"Jun 10, 2021",$19.35,344,6656,12451,"Jun 17, 2021, 02:25 PM",buy,18.59000015258789,17.185611157947115
27,FGBI,Smith Edgar R. III,Director,"Jun 14, 2021",$19.35,2621,50716,17447,"Jun 17, 2021, 02:25 PM",buy,18.59000015258789,17.185611157947115
28,FGBI,Smith Edgar R. III,Director,"Jun 11, 2021",$19.35,2375,45956,14826,"Jun 17, 2021, 02:25 PM",buy,18.59000015258789,17.185611157947115
29,GABC,Bawel Zachary W,Director,"Jun 15, 2021",$39.60,21,832,9849,"Jun 17, 2021, 02:20 PM",buy,37.61000061035156,37.55100006527371
30,CBKM,Goris Bradley,Director,"Jun 15, 2021",$19.67,328,6452,11175,"Jun 17, 2021, 02:19 PM",buy,19.700000762939453,18.714111200968425
31,CBKM,PADEN FRANK L,Director,"Jun 15, 2021",$19.67,115,2262,5775,"Jun 17, 2021, 02:16 PM",buy,19.700000762939453,18.714111200968425
32,UMH,Mitchell William Edward,Director,"Jun 15, 2021",$21.50,47,1011,8031,"Jun 17, 2021, 02:00 PM",buy,21.360000610351562,17.351611116197375
33,HIE,"Saba Capital Management, L.P.",10% Owner,"Jun 15, 2021",$10.71,40601,434837,2808949,"Jun 17, 2021, 01:28 PM",buy,10.350000381469727,8.517944471041362
34,HIE,"Saba Capital Management, L.P.",10% Owner,"Jun 16, 2021",$10.74,54686,587328,2863635,"Jun 17, 2021, 01:28 PM",buy,10.350000381469727,8.517944471041362
35,TPL,STAHL MURRAY,Director,"Jun 16, 2021",$1564.00,10,15640,888,"Jun 17, 2021, 11:49 AM",buy,1516.9200439453125,1060.8615541246202
36,TPL,STAHL MURRAY,Director,"Jun 16, 2021",$1564.00,1,1564,1342,"Jun 17, 2021, 11:49 AM",buy,1516.9200439453125,1060.8615541246202
37,TPL,STAHL MURRAY,Director,"Jun 16, 2021",$1564.00,12,18768,228315,"Jun 17, 2021, 11:49 AM",buy,1516.9200439453125,1060.8615541246202
38,TPL,STAHL MURRAY,Director,"Jun 16, 2021",$1564.00,2,3128,102297,"Jun 17, 2021, 11:49 AM",buy,1516.9200439453125,1060.8615541246202
39,TPL,STAHL MURRAY,Director,"Jun 16, 2021",$1564.00,3,4692,1190,"Jun 17, 2021, 11:49 AM",buy,1516.9200439453125,1060.8615541246202
40,TPL,STAHL MURRAY,Director,"Jun 16, 2021",$1564.00,1,1564,42864,"Jun 17, 2021, 11:49 AM",buy,1516.9200439453125,1060.8615541246202
41,CPTA),Carroll Larry W.,Director,"Jun 16, 2021",$25.87,3400,87958,60558,"Jun 17, 2021, 11:48 AM",buy,na,na
42,SQFT,Bentzen Edwin H IV,Chief Accounting Officer,"Jun 16, 2021",$24.63,200,4927,200,"Jun 17, 2021, 11:29 AM",buy,4.010000228881836,3.6912500099702314
43,FRAF,Craig Kevin W,Director,"Jun 16, 2021",$30.20,4305,130011,10079,"Jun 17, 2021, 09:42 AM",buy,30.600000381469727,28.246222241719565
44,FRAF,Carmack Karen K,SVP,"Jun 16, 2021",$30.20,1,30,1640,"Jun 17, 2021, 09:38 AM",buy,30.600000381469727,28.246222241719565
45,FRAF,Kerlin Stanley J,Director,"Jun 16, 2021",$30.20,497,15009,35123,"Jun 17, 2021, 09:35 AM",buy,30.600000381469727,28.246222241719565
46,FRAF,Cekovich Ronald L,SVP,"Jun 16, 2021",$30.20,3,91,7919,"Jun 17, 2021, 09:31 AM",buy,30.600000381469727,28.246222241719565
47,GBDC,Golub David,Chief Executive Officer,"Jun 16, 2021",$15.67,5000,78363,2233401,"Jun 17, 2021, 09:22 AM",buy,15.1899995803833,14.57877779536777
48,GBDC,Golub David,Chief Executive Officer,"Jun 15, 2021",$15.52,5000,77583,2228401,"Jun 17, 2021, 09:22 AM",buy,15.1899995803833,14.57877779536777
49,GBDC,Golub Lawrence E,Chairman,"Jun 16, 2021",$15.67,5000,78363,2233401,"Jun 17, 2021, 09:20 AM",buy,15.1899995803833,14.57877779536777
50,GBDC,Golub Lawrence E,Chairman,"Jun 15, 2021",$15.52,5000,77583,2228401,"Jun 17, 2021, 09:20 AM",buy,15.1899995803833,14.57877779536777
51,BKYI,DEPASQUALE MICHAEL W,Chief Executive Officer,"Jun 16, 2021",$4.00,2000,8000,20458,"Jun 17, 2021, 08:02 AM",buy,4.110000133514404,3.714888889259762
52,NHF,DONDERO JAMES D,See Remarks,"Jun 16, 2021",$14.29,2600,37154,2242698,"Jun 16, 2021, 08:58 PM",buy,14.050000190734863,11.072944434483846
53,NHF,DONDERO JAMES D,See Remarks,"Jun 15, 2021",$14.38,6000,86280,2240098,"Jun 16, 2021, 08:58 PM",buy,14.050000190734863,11.072944434483846
54,NHF,DONDERO JAMES D,See Remarks,"Jun 14, 2021",$14.32,14737,211034,2234098,"Jun 16, 2021, 08:58 PM",buy,14.050000190734863,11.072944434483846
55,ARES,BUSH ANTOINETTE COOK,Director,"Jun 14, 2021",$58.79,5106,300182,12395,"Jun 16, 2021, 08:52 PM",buy,57.189998626708984,49.97794437408447
56,VERO,Della Penna Domenic,Chief Financial Officer,"Jun 15, 2021",$2.41,40000,96218,66663,"Jun 16, 2021, 08:38 PM",buy,2.7300000190734863,2.254388882054223
57,RFIL,Holdsworth Mark Keith,Director,"Jun 16, 2021",$7.38,53818,397053,368607,"Jun 16, 2021, 07:51 PM",buy,7.389999866485596,5.820111110475328
58,JMP,WEDBUSH SECURITIES INC,10% Owner,"Jun 14, 2021",$5.82,250,1455,2164500,"Jun 16, 2021, 07:00 PM",buy,6.03000020980835,4.5532777865727745
59,JMP,WEDBUSH SECURITIES INC,10% Owner,"Jun 15, 2021",$5.87,250,1467,2164750,"Jun 16, 2021, 07:00 PM",buy,6.03000020980835,4.5532777865727745
60,JMP,WEDBUSH SECURITIES INC,10% Owner,"Jun 14, 2021",$5.82,250,1455,2164500,"Jun 16, 2021, 07:00 PM",buy,6.03000020980835,4.5532777865727745
61,JMP,WEDBUSH SECURITIES INC,10% Owner,"Jun 15, 2021",$5.87,250,1467,2164750,"Jun 16, 2021, 07:00 PM",buy,6.03000020980835,4.5532777865727745
62,JANX,Thompson Peter A.,Director,"Jun 15, 2021",$17.00,705853,11999501,2760366,"Jun 16, 2021, 06:20 PM",buy,19.68000030517578,20.18499978383382
63,JANX,Reardon Tighe,Acting Chief Financial Officer,"Jun 15, 2021",$17.00,629411,10699987,4479492,"Jun 16, 2021, 06:11 PM",buy,19.68000030517578,20.18499978383382
64,SIG,Branch Andre,Director,"Jun 15, 2021",$73.58,2700,198665,3428,"Jun 16, 2021, 05:23 PM",buy,73.05000305175781,44.19133336808947
65,BH,"BIGLARI, SARDAR",Chairman and CEO,"Jun 16, 2021",$899.79,73,65685,81649,"Jun 16, 2021, 05:09 PM",buy,167.05999755859375,125.85627729627821
66,BH,"BIGLARI, SARDAR",Chairman and CEO,"Jun 15, 2021",$915.00,75,68625,81576,"Jun 16, 2021, 05:09 PM",buy,167.05999755859375,125.85627729627821
67,CBKM,Lober Ralph J II,CEO & President,"Jun 16, 2021",$19.85,66,1310,36538,"Jun 16, 2021, 05:00 PM",buy,19.700000762939453,18.714111200968425
68,UHAL,Willow Grove Holdings LP,10% Owner,"Jun 15, 2021",$551.76,81810,45139307,831775,"Jun 16, 2021, 04:41 PM",buy,526.510009765625,502.0702219645182
69,UHAL,SHOEN EDWARD J,Chairman/President,"Jun 15, 2021",$551.76,81810,45139307,8424659,"Jun 16, 2021, 04:41 PM",buy,526.510009765625,502.0702219645182
70,KFS,Fitzgerald John Taylor Maloney,President and CEO,"Jun 15, 2021",$5.15,404,2081,1941293,"Jun 16, 2021, 04:25 PM",buy,4.900000095367432,4.307611123720805
71,CUBI,Sidhu Samvir S.,Head of Corporate Development,"Jun 14, 2021",$39.53,6000,237184,67926,"Jun 16, 2021, 03:35 PM",buy,37.599998474121094,25.397722185982598
72,SNPX,Alkon Daniel L.,Chief Scientific Officer,"Jun 14, 2021",$8.26,10000,82600,11484,"Jun 16, 2021, 01:01 PM",buy,9.930000305175781,8.040225556022243
73,SNPX,Silverman Joshua,Director,"Jun 14, 2021",$8.30,10000,83000,15000,"Jun 16, 2021, 01:00 PM",buy,9.930000305175781,8.040225556022243
74,CNOB,Boswell Stephen T.,Director,"Jun 15, 2021",$27.19,2200,59821,47214,"Jun 16, 2021, 12:49 PM",buy,25.940000534057617,22.4733888996972
75,FUNC,Rodeheaver Carissa Lynn,"Chairman, President & CEO","Jun 15, 2021",$19.08,209,3988,30790,"Jun 16, 2021, 12:28 PM",buy,18.65999984741211,16.55466667281257
76,TELA,"EW HEALTHCARE PARTNERS FUND 2, L.P.",See footnote 2,"Jun 14, 2021",$12.50,79970,999625,1784232,"Jun 16, 2021, 12:17 PM",buy,15.0,14.975500011444092
77,TPL,STAHL MURRAY,Director,"Jun 15, 2021",$1539.50,12,18474,228303,"Jun 16, 2021, 11:52 AM",buy,1516.9200439453125,1060.8615541246202
78,TPL,STAHL MURRAY,Director,"Jun 15, 2021",$1539.50,2,3079,102295,"Jun 16, 2021, 11:52 AM",buy,1516.9200439453125,1060.8615541246202
79,TPL,STAHL MURRAY,Director,"Jun 15, 2021",$1539.50,3,4619,1187,"Jun 16, 2021, 11:52 AM",buy,1516.9200439453125,1060.8615541246202
80,TPL,STAHL MURRAY,Director,"Jun 15, 2021",$1539.50,1,1540,42863,"Jun 16, 2021, 11:52 AM",buy,1516.9200439453125,1060.8615541246202
81,TPL,STAHL MURRAY,Director,"Jun 15, 2021",$1539.50,10,15395,878,"Jun 16, 2021, 11:52 AM",buy,1516.9200439453125,1060.8615541246202
82,TPL,STAHL MURRAY,Director,"Jun 15, 2021",$1539.50,1,1540,1341,"Jun 16, 2021, 11:52 AM",buy,1516.9200439453125,1060.8615541246202
83,VLY,WILLIAMS SIDNEY S,Director,"Jun 15, 2021",$13.81,174,2402,4616,"Jun 16, 2021, 11:16 AM",buy,12.90999984741211,11.463444436921014
84,CVV,ROSENBAUM LEONARD A,Director,"Jun 15, 2021",$4.27,5620,23992,751548,"Jun 16, 2021, 10:23 AM",buy,4.25,4.563833337359958
85,GLP,Global GP LLC,General Partner,"Jun 15, 2021",$26.40,5412,142877,121296,"Jun 16, 2021, 10:22 AM",buy,25.979999542236328,19.880333312352498
86,GLP,Global GP LLC,General Partner,"Jun 14, 2021",$26.62,25000,665500,115884,"Jun 16, 2021, 10:22 AM",buy,25.979999542236328,19.880333312352498
87,NYCB,Dahya Hanif,Director,"Jun 15, 2021",$11.91,20000,238194,171301,"Jun 15, 2021, 07:07 PM",buy,10.970000267028809,10.85322223769294
88,XPMIX,Long Robert W.,Pres. & Prin. Exec. Officer,"Jun 11, 2021",$35.77,6989,249997,21574,"Jun 15, 2021, 07:05 PM",buy,na,na
89,CORT,BAKER G LEONARD JR,Director,"Jun 11, 2021",$21.53,50000,1076500,1046838,"Jun 15, 2021, 07:01 PM",buy,22.5,23.328277778625488
90,CORT,BAKER G LEONARD JR,Director,"Jun 11, 2021",$21.53,100000,2153000,3308303,"Jun 15, 2021, 07:01 PM",buy,22.5,23.328277778625488
91,BATL,ROGERS WILLIAM D,Director,"Jun 15, 2021",$13.44,2000,26880,2000,"Jun 15, 2021, 07:00 PM",buy,13.170000076293945,9.864755558967591
92,XPMIX,SITTEMA THOMAS KENT,Director,"Jun 11, 2021",$35.77,6989,249997,23386,"Jun 15, 2021, 06:42 PM",buy,na,na
93,FWRD,Mayes George S JR,Director,"Jun 14, 2021",$91.53,500,45765,2177,"Jun 15, 2021, 06:26 PM",buy,87.66999816894531,81.24122216966417
94,AMHG,Pruitt Michael D,CEO,"Jun 15, 2021",$0.60,1000,600,34029,"Jun 15, 2021, 06:18 PM",buy,0.5379999876022339,0.6300089284777641
95,ONCT,Leavitt Chase C.,General Counsel/Secretary,"Jun 11, 2021",$5.45,1500,8175,1500,"Jun 15, 2021, 06:00 PM",buy,5.269999980926514,5.216777773698171
96,BGSF,Allen C. David JR,Director,"Jun 11, 2021",$12.18,3000,36540,27752,"Jun 15, 2021, 05:48 PM",buy,12.34000015258789,12.656722185346815
97,BGSF,Allen C. David JR,Director,"Jun 11, 2021",$12.16,10528,128020,24752,"Jun 15, 2021, 05:48 PM",buy,12.34000015258789,12.656722185346815
98,NWFL,Nolan Alexandra K,Director,"Jun 14, 2021",$25.40,5000,127000,156778,"Jun 15, 2021, 05:40 PM",buy,25.350000381469727,25.95972228580051
99,ASAN,Moskovitz Dustin A.,"President, CEO, & Chair","Jun 14, 2021",$47.10,160000,7536048,2030000,"Jun 15, 2021, 05:37 PM",buy,57.79999923706055,31.606777795155843
100,ASAN,Moskovitz Dustin A.,"President, CEO, & Chair","Jun 11, 2021",$45.70,160000,7311418,1870000,"Jun 15, 2021, 05:37 PM",buy,57.79999923706055,31.606777795155843
1,SAFE,ISTAR INC.,10% Owner,"Jun 15, 2021",$78.30,12771,999969,35200292,"Jun 15, 2021, 05:35 PM",buy,76.43000030517578,71.52727756500244
2,SAFE,ISTAR INC.,10% Owner,"Jun 14, 2021",$78.16,12793,999901,35200292,"Jun 15, 2021, 05:35 PM",buy,76.43000030517578,71.52727756500244
3,SAFE,ISTAR INC.,10% Owner,"Jun 11, 2021",$76.53,13066,999941,35200292,"Jun 15, 2021, 05:35 PM",buy,76.43000030517578,71.52727756500244
4,CLVT,ROEDEL RICHARD,Director,"Jun 11, 2021",$26.08,19193,500457,39395,"Jun 15, 2021, 05:08 PM",buy,25.579999923706055,28.04670390336873
5,MQ,"ICONIQ Strategic Partners III, L.P.",10% Owner,"Jun 11, 2021",$27.00,153051,4132377,153051,"Jun 15, 2021, 05:04 PM",buy,30.200000762939453,30.72250008583069
6,MQ,"ICONIQ Strategic Partners III, L.P.",10% Owner,"Jun 11, 2021",$27.00,143245,3867615,143245,"Jun 15, 2021, 05:04 PM",buy,30.200000762939453,30.72250008583069
7,GBDC,Golub David,Chief Executive Officer,"Jun 11, 2021",$15.54,5000,77686,2218401,"Jun 15, 2021, 04:48 PM",buy,15.1899995803833,14.57877779536777
8,GBDC,Golub David,Chief Executive Officer,"Jun 15, 2021",$15.66,5000,78281,2223401,"Jun 15, 2021, 04:48 PM",buy,15.1899995803833,14.57877779536777
9,ATRA,Yarema Kristin,Chief Commercial Officer,"Jun 11, 2021",$14.50,2021,29305,93549,"Jun 15, 2021, 04:02 PM",buy,15.010000228881836,16.845750024583605
10,ATRA,Yarema Kristin,Chief Commercial Officer,"Jun 14, 2021",$14.57,32333,471065,125882,"Jun 15, 2021, 04:02 PM",buy,15.010000228881836,16.845750024583605
11,HRTH,Linscott Brian,Chief Operating Officer,"Jun 11, 2021",$6.25,900,5625,111904,"Jun 15, 2021, 04:01 PM",buy,6.539999961853027,3.6458888828754423
12,NKSH,Dooley John Elliott,Director,"Jun 15, 2021",$35.50,500,17750,8100,"Jun 15, 2021, 03:51 PM",buy,34.630001068115234,32.77811108695136
13,HVBC,Marino Robert Joseph,Director,"Jun 15, 2021",$20.98,194,4069,71072,"Jun 15, 2021, 02:39 PM",buy,21.25,17.333938852945963
14,CSTR,Duncan Denis J.,Chief Financial Officer,"Jun 14, 2021",$21.13,9640,203693,54440,"Jun 15, 2021, 02:20 PM",buy,20.25,15.841666597790189
15,FRST,Diaz Deborah,Director,"Jun 15, 2021",$15.59,1606,25038,6611,"Jun 15, 2021, 12:51 PM",buy,15.100000381469727,8.01533333659172
16,FRST,Diaz Deborah,Director,"Jun 14, 2021",$15.51,1290,20008,5005,"Jun 15, 2021, 12:51 PM",buy,15.100000381469727,8.01533333659172
17,IBCP,Kruse Ronia F,Director,"Jun 11, 2021",$22.60,1000,22600,1000,"Jun 15, 2021, 11:59 AM",buy,21.100000381469727,20.105277872085573
18,TPL,STAHL MURRAY,Director,"Jun 14, 2021",$1498.00,2,2996,102293,"Jun 15, 2021, 11:40 AM",buy,1516.9200439453125,1060.8615541246202
19,TPL,STAHL MURRAY,Director,"Jun 14, 2021",$1498.00,3,4494,1184,"Jun 15, 2021, 11:40 AM",buy,1516.9200439453125,1060.8615541246202
20,TPL,STAHL MURRAY,Director,"Jun 14, 2021",$1498.00,1,1498,42862,"Jun 15, 2021, 11:40 AM",buy,1516.9200439453125,1060.8615541246202
21,TPL,STAHL MURRAY,Director,"Jun 14, 2021",$1498.00,10,14980,868,"Jun 15, 2021, 11:40 AM",buy,1516.9200439453125,1060.8615541246202
22,TPL,STAHL MURRAY,Director,"Jun 14, 2021",$1498.00,1,1498,1340,"Jun 15, 2021, 11:40 AM",buy,1516.9200439453125,1060.8615541246202
23,TPL,STAHL MURRAY,Director,"Jun 14, 2021",$1498.00,12,17976,228291,"Jun 15, 2021, 11:40 AM",buy,1516.9200439453125,1060.8615541246202
24,FGBI,Smith Edgar R. III,Director,"May 27, 2021",$19.35,548,10604,8492,"Jun 15, 2021, 11:15 AM",buy,18.59000015258789,17.185611157947115
25,FGBI,Smith Edgar R. III,Director,"Jun 09, 2021",$19.35,3615,69950,12107,"Jun 15, 2021, 11:15 AM",buy,18.59000015258789,17.185611157947115
26,CPTA,Carroll Larry W.,Director,"Jun 14, 2021",$26.31,3000,78930,57158,"Jun 15, 2021, 11:13 AM",buy,24.649999618530273,15.915522273381551
27,HIE,"Saba Capital Management, L.P.",10% Owner,"Jun 14, 2021",$10.70,22821,244185,2768348,"Jun 15, 2021, 09:59 AM",buy,10.350000381469727,8.517944471041362
28,HIE,"Saba Capital Management, L.P.",10% Owner,"Jun 11, 2021",$10.71,40000,428400,2745527,"Jun 15, 2021, 09:59 AM",buy,10.350000381469727,8.517944471041362
29,OPK,FROST PHILLIP MD ET AL,CEO & Chairman,"Jun 14, 2021",$3.62,200000,723927,192971694,"Jun 15, 2021, 07:24 AM",buy,3.700000047683716,4.303722226619721
30,OBTX,Hawkins Michael W,CFO,"Jun 14, 2021",$4.75,20200,95950,55200,"Jun 15, 2021, 06:15 AM",buy,6.550000190734863,2.472583330836561
31,NYCB,Savarese Lawrence J.,Director,"Jun 14, 2021",$11.71,3700,43327,87176,"Jun 15, 2021, 06:02 AM",buy,10.970000267028809,10.85322223769294
32,NYCB,Savarese Lawrence J.,Director,"Jun 14, 2021",$11.73,8300,97359,17800,"Jun 15, 2021, 06:02 AM",buy,10.970000267028809,10.85322223769294
33,NYCB,Savarese Lawrence J.,Director,"Jun 14, 2021",$11.69,5700,66605,5700,"Jun 15, 2021, 06:02 AM",buy,10.970000267028809,10.85322223769294
34,OPEN,Keffer Pueo,Director,"Jun 14, 2021",$17.37,56818,986735,247115,"Jun 14, 2021, 09:14 PM",buy,16.709999084472656,22.40308337741428
35,MELI,Calemzuk Emiliano,Director,"Jun 12, 2020",$876.75,170,149048,170,"Jun 14, 2021, 08:17 PM",buy,1468.06005859375,1521.8484456380208
36,EMMA,Niihara Yutaka,Chairman and CEO,"Jun 14, 2021",$1.60,1416,2266,10761131,"Jun 14, 2021, 08:02 PM",buy,1.590000033378601,1.2874999990065892
37,EMMA,Niihara Yutaka,Chairman and CEO,"Jun 11, 2021",$1.58,800,1264,10759715,"Jun 14, 2021, 08:02 PM",buy,1.590000033378601,1.2874999990065892
38,EMMA,Niihara Yutaka,Chairman and CEO,"Jun 10, 2021",$1.65,1000,1650,10758915,"Jun 14, 2021, 08:02 PM",buy,1.590000033378601,1.2874999990065892
39,BH,"BIGLARI, SARDAR",Chairman and CEO,"Jun 11, 2021",$915.33,537,491532,81463,"Jun 14, 2021, 07:11 PM",buy,167.05999755859375,125.85627729627821
40,BH,"BIGLARI, SARDAR",Chairman and CEO,"Jun 10, 2021",$899.89,245,220473,80926,"Jun 14, 2021, 07:11 PM",buy,167.05999755859375,125.85627729627821
41,BH,"BIGLARI, SARDAR",Chairman and CEO,"Jun 14, 2021",$905.00,38,34390,81501,"Jun 14, 2021, 07:11 PM",buy,167.05999755859375,125.85627729627821
42,NURO,"Topline Capital Management, LLC",See Explanation in Footnotes,"Jun 10, 2021",$3.42,28238,96574,570478,"Jun 14, 2021, 06:50 PM",buy,3.630000114440918,2.9787222299310896
43,SQFT,Sragovicz Adam,Chief Financial Officer,"Jun 11, 2021",$25.00,1000,25000,1000,"Jun 14, 2021, 06:22 PM",buy,4.010000228881836,3.6912500099702314
44,NURO,"Topline Capital Partners, LP",10% Owner,"Jun 10, 2021",$3.42,28238,96574,570478,"Jun 14, 2021, 06:22 PM",buy,3.630000114440918,2.9787222299310896
45,NYCB,Rosenfeld Ronald A.,Director,"Jun 14, 2021",$11.58,20000,231600,119786,"Jun 14, 2021, 06:18 PM",buy,10.970000267028809,10.85322223769294
46,CERC,NEIL GARRY ARTHUR,Chief Scientific Officer,"Jun 10, 2021",$2.28,3692,8418,81372,"Jun 14, 2021, 05:04 PM",buy,3.6700000762939453,2.83252778450648
47,CERC,Greenway Schond L.,CFO,"Jun 10, 2021",$2.68,652,1747,1652,"Jun 14, 2021, 05:03 PM",buy,3.6700000762939453,2.83252778450648
48,CERC,Harrell James Archie Jr,Chief Commercial Officer,"Jun 10, 2021",$2.28,7493,17084,35673,"Jun 14, 2021, 05:02 PM",buy,3.6700000762939453,2.83252778450648
49,GLW,Ferguson Roger W. Jr.,Director,"Jun 14, 2021",$42.14,1420,59839,6938,"Jun 14, 2021, 04:10 PM",buy,38.70000076293945,39.107222165001765
50,LMST,Kooman Kevin James,Director,"Jun 10, 2021",$16.25,232,3770,307906,"Jun 14, 2021, 04:06 PM",buy,16.520000457763672,14.083611101574368
51,KFS,STILWELL JOSEPH,Director,"Jun 10, 2021",$4.99,342589,1710752,4450978,"Jun 14, 2021, 03:45 PM",buy,4.900000095367432,4.307611123720805
52,NWFL,Nolan Alexandra K,Director,"Jun 11, 2021",$25.59,10000,255900,151778,"Jun 14, 2021, 02:41 PM",buy,25.350000381469727,25.95972228580051
53,BDL,ONeil Christopher Barry,Vice President,"Mar 13, 2020",$16.02,4000,64068,4000,"Jun 14, 2021, 02:21 PM",buy,32.83000183105469,22.495444530910916
54,DGICA,DONEGAL MUTUAL INSURANCE CO,10% Owner,"Jun 11, 2021",$15.22,200000,3044000,10542692,"Jun 14, 2021, 01:14 PM",buy,14.760000228881836,14.6585555712382
55,PTRS,Wheatley Robert C.,Director,"Jun 11, 2021",$8.00,365,2920,13185,"Jun 14, 2021, 12:49 PM",buy,7.769999980926514,637.5174444357555
56,BRT,GOULD FREDRIC H,Director,"Jun 11, 2021",$17.35,11500,199525,11500,"Jun 14, 2021, 12:17 PM",buy,17.5,15.787111107508341
57,BRT,GOULD FREDRIC H,Director,"Jun 11, 2021",$17.35,2500,43375,10012,"Jun 14, 2021, 12:17 PM",buy,17.5,15.787111107508341
58,VABK,CARTER KEVIN T,Director,"Jun 10, 2021",$33.00,1550,51150,5160,"Jun 14, 2021, 11:52 AM",buy,36.91999816894531,29.25827776590983
59,RCG,STAHL MURRAY,President and CEO,"Jun 11, 2021",$2.53,75,190,157600,"Jun 14, 2021, 11:26 AM",buy,2.5,2.1006111078792147
60,RCG,STAHL MURRAY,President and CEO,"Jun 11, 2021",$2.53,300,759,158200,"Jun 14, 2021, 11:26 AM",buy,2.5,2.1006111078792147
61,RCG,STAHL MURRAY,President and CEO,"Jun 11, 2021",$2.53,300,759,157900,"Jun 14, 2021, 11:26 AM",buy,2.5,2.1006111078792147
62,ALTO,NATHAN GILBERT E,Director,"Jun 11, 2021",$6.08,25000,151997,346560,"Jun 14, 2021, 07:30 AM",buy,5.590000152587891,6.320999993218316
63,ALTO,NATHAN GILBERT E,Director,"Jun 10, 2021",$6.15,15000,92248,321560,"Jun 14, 2021, 07:30 AM",buy,5.590000152587891,6.320999993218316
64,ADOM,Barcellos Melissa,Director,"Jun 09, 2021",$0.25,3670,919,8170,"Jun 11, 2021, 08:06 PM",buy,0.2750000059604645,0.39406666590107814
65,AMST,Sastry Ann Marie,CHIEF EXECUTIVE OFFICER,"Jun 11, 2021",$3.73,15000,55950,6241667,"Jun 11, 2021, 07:43 PM",buy,2.5799999237060547,4.301694434218937
66,DXC,FERNANDEZ RAUL J,Director,"Jun 11, 2021",$41.19,1820,74975,31305,"Jun 11, 2021, 07:21 PM",buy,36.27000045776367,27.665888818105064
67,CPSS,Grasso Louis M,Director,"Jun 09, 2021",$4.80,100,480,5100,"Jun 11, 2021, 07:02 PM",buy,4.639999866485596,4.2343333469496836
68,ADOM,Menerey Michael K.,Chief Financial Officer,"Jun 10, 2021",$0.25,5000,1250,525000,"Jun 11, 2021, 06:33 PM",buy,0.2750000059604645,0.39406666590107814
69,ADOM,Menerey Michael K.,Chief Financial Officer,"Jun 09, 2021",$0.25,18386,4543,525000,"Jun 11, 2021, 06:33 PM",buy,0.2750000059604645,0.39406666590107814
70,QNTO,CLARKE JAMES J,Director,"Jun 10, 2021",$18.25,200,3650,61540,"Jun 11, 2021, 06:12 PM",buy,18.25,15.250611119800144
71,NAUT,PERCEPTIVE ADVISORS LLC,Former Director,"May 24, 2021",$10.05,7063,70983,497038,"Jun 11, 2021, 05:45 PM",buy,9.399999618530273,10.442692243135893
72,NAUT,PERCEPTIVE ADVISORS LLC,Former Director,"Jun 09, 2021",$10.00,5500000,55000000,5997038,"Jun 11, 2021, 05:45 PM",buy,9.399999618530273,10.442692243135893
73,CMT,DUVALL DAVID L.,Chief Executive Officer,"Jun 08, 2021",$12.95,1026,13285,382269,"Jun 11, 2021, 05:14 PM",buy,13.75,11.914055540826585
74,NHF,DONDERO JAMES D,See Remarks,"Jun 10, 2021",$13.92,17400,242208,2219361,"Jun 11, 2021, 05:12 PM",buy,14.050000190734863,11.072944434483846
75,NHF,DONDERO JAMES D,See Remarks,"Jun 09, 2021",$13.80,750,10350,2201961,"Jun 11, 2021, 05:12 PM",buy,14.050000190734863,11.072944434483846
76,LNDZF,CROSS LESLIE H,Director,"Jun 10, 2021",$0.62,25000,15500,1048056,"Jun 11, 2021, 04:18 PM",buy,0.723800003528595,0.15687883959876167
77,LNDZF,CROSS LESLIE H,Director,"Jun 09, 2021",$0.50,50000,25000,1023056,"Jun 11, 2021, 04:18 PM",buy,0.723800003528595,0.15687883959876167
78,LONE,Kruco LLC,10% Owner,"Jun 09, 2021",$8.42,113977,959686,1518676,"Jun 11, 2021, 03:53 PM",buy,8.90999984741211,8.90999984741211
79,IGXT,Matzen Dana,VP BD & Corp.Dev.of Subsidiary,"Jun 08, 2021",$0.48,10000,4800,10000,"Jun 11, 2021, 03:25 PM",buy,0.550000011920929,0.3383888876272572
80,ROP,WALLMAN RICHARD F,Director,"Jun 10, 2021",$453.25,2000,906500,58508,"Jun 11, 2021, 02:58 PM",buy,449.4100036621094,416.16144510904945
81,UNB,SPITLER JANET P,Director of Union Bank,"Jun 03, 2021",$34.85,100,3485,100,"Jun 11, 2021, 02:16 PM",buy,36.0,28.25655540890164
82,TREC,"Ortelius Advisors, L.P.",10% Owner,"Jun 10, 2021",$8.49,31529,267681,2523421,"Jun 11, 2021, 02:04 PM",buy,8.0600004196167,7.303222205903795
83,GLP,Global GP LLC,General Partner,"Jun 09, 2021",$27.18,20974,570073,90884,"Jun 11, 2021, 01:30 PM",buy,25.979999542236328,19.880333312352498
84,DPW,Horne William B.,Chief Executive Officer,"Jun 09, 2021",$3.05,2000,6100,2806,"Jun 11, 2021, 01:22 PM",buy,2.740000009536743,3.3968333270814686
85,IIIV,MORGAN DAVID K.,Director,"Jun 10, 2021",$31.67,3000,95010,7000,"Jun 11, 2021, 12:50 PM",buy,30.010000228881836,30.030055544111462
86,ASRV,STOPKO JEFFREY A,President & CEO ASRV & Bank,"Jun 11, 2021",$4.04,1000,4040,84005,"Jun 11, 2021, 11:34 AM",buy,3.9800000190734863,3.611333351665073
87,RCG,STAHL MURRAY,President and CEO,"Jun 10, 2021",$2.53,300,759,157525,"Jun 11, 2021, 11:06 AM",buy,2.5,2.1006111078792147
88,RCG,STAHL MURRAY,President and CEO,"Jun 10, 2021",$2.53,300,759,157225,"Jun 11, 2021, 11:06 AM",buy,2.5,2.1006111078792147
89,RCG,STAHL MURRAY,President and CEO,"Jun 10, 2021",$2.53,75,190,156925,"Jun 11, 2021, 11:06 AM",buy,2.5,2.1006111078792147
90,CCNE,Young Julie M.,Director,"Jun 11, 2021",$24.33,37,900,2098,"Jun 11, 2021, 10:37 AM",buy,22.59000015258789,22.367666641871136
91,CCNE,Scott Nicholas N. Jr.,Director,"Jun 11, 2021",$24.33,55,1338,19131,"Jun 11, 2021, 10:29 AM",buy,22.59000015258789,22.367666641871136
92,FRAF,Hollar Mark R,CFO,"Jun 09, 2021",$30.44,3,91,5965,"Jun 11, 2021, 10:06 AM",buy,30.600000381469727,28.246222241719565
93,MJNE,Bloss Roger James,Chief Executive Officer,"Apr 21, 2021",$0.61,8330,5081,1776892,"Jun 11, 2021, 09:55 AM",buy,0.4309999942779541,0.4543388896104362
94,OBTX,Hawkins Michael W,CFO,"Jun 11, 2021",$3.49,35000,122150,35000,"Jun 11, 2021, 09:39 AM",buy,6.550000190734863,2.472583330836561
95,ALTG,Savas Zachary E.,Director,"Jun 10, 2021",$12.85,5000,64275,33781,"Jun 11, 2021, 09:15 AM",buy,13.510000228881836,10.943166666560703
96,GBDC,Golub Lawrence E,Chairman,"Jun 10, 2021",$15.54,5000,77681,2213401,"Jun 11, 2021, 08:49 AM",buy,15.1899995803833,14.57877779536777
97,GBDC,Golub Lawrence E,Chairman,"Jun 09, 2021",$15.91,5000,79566,2208401,"Jun 11, 2021, 08:49 AM",buy,15.1899995803833,14.57877779536777
98,GBDC,Golub David,Chief Executive Officer,"Jun 09, 2021",$15.91,5000,79566,2208401,"Jun 11, 2021, 08:47 AM",buy,15.1899995803833,14.57877779536777
99,GBDC,Golub David,Chief Executive Officer,"Jun 10, 2021",$15.54,5000,77681,2213401,"Jun 11, 2021, 08:47 AM",buy,15.1899995803833,14.57877779536777
100,MJNE,Moyle Bernard Thomas,Chief Financial Officer,"Apr 22, 2021",$0.56,200,113,528200,"Jun 11, 2021, 07:30 AM",buy,0.4309999942779541,0.4543388896104362
1,EVFM,File Justin J.,Chief Financial Officer,"Jun 10, 2021",$1.03,24500,25235,440388,"Jun 10, 2021, 07:30 PM",buy,1.100000023841858,2.2740000069141386
2,EVFM,PELLETIER SAUNDRA L,Chief Executive Officer,"Jun 10, 2021",$1.03,50000,51500,850837,"Jun 10, 2021, 07:30 PM",buy,1.100000023841858,2.2740000069141386
3,EVFM,Fitzpatrick Alexander A,General Counsel and Secretary,"Jun 10, 2021",$1.02,10000,10250,311422,"Jun 10, 2021, 07:29 PM",buy,1.100000023841858,2.2740000069141386
4,NICK,Peterson Adam K,Director,"Jun 09, 2021",$11.14,18050,201077,2183339,"Jun 10, 2021, 06:55 PM",buy,11.5,9.39844442738427
5,HYMC,RIDEOUT STANTON K,Executive Vice President & CFO,"Jun 08, 2021",$3.50,55000,192500,201094,"Jun 10, 2021, 06:41 PM",buy,3.0399999618530273,6.189500000741747
6,HYMC,GARRETT DIANE R,"President, CEO & Director","Jun 08, 2021",$3.50,55000,192500,366615,"Jun 10, 2021, 06:40 PM",buy,3.0399999618530273,6.189500000741747
7,HYMC,Harrison Michael James,Director,"Jun 08, 2021",$3.50,7500,26250,40109,"Jun 10, 2021, 06:39 PM",buy,3.0399999618530273,6.189500000741747
8,SYNL,Privet Fund Management LLC,10% Owner,"Jun 10, 2021",$10.57,15000,158521,1627120,"Jun 10, 2021, 05:43 PM",buy,10.069999694824219,8.030111119482253
9,SYNL,Privet Fund Management LLC,10% Owner,"Jun 09, 2021",$10.28,5665,58225,1612120,"Jun 10, 2021, 05:43 PM",buy,10.069999694824219,8.030111119482253
10,SYNL,Privet Fund Management LLC,10% Owner,"Jun 08, 2021",$10.06,14737,148312,1606455,"Jun 10, 2021, 05:43 PM",buy,10.069999694824219,8.030111119482253
11,SREV,"Edenbrook Capital, LLC",10% Owner,"Jun 08, 2021",$1.19,6957,8266,19277581,"Jun 10, 2021, 05:26 PM",buy,1.149999976158142,1.4897222247388628
12,ELDN,Gros David-Alexandre C,Chief Executive Officer,"Jun 09, 2021",$8.01,3000,24030,3000,"Jun 10, 2021, 05:25 PM",buy,7.889999866485596,14.848344418737623
13,JMP,WEDBUSH SECURITIES INC,10% Owner,"Jun 08, 2021",$5.59,50,280,2164250,"Jun 10, 2021, 05:22 PM",buy,6.03000020980835,4.5532777865727745
14,JMP,WEDBUSH SECURITIES INC,10% Owner,"Jun 08, 2021",$5.59,50,280,2164250,"Jun 10, 2021, 05:22 PM",buy,6.03000020980835,4.5532777865727745
15,RCG,Kesslen Jay H,President and CEO,"Sep 22, 2020",$1.32,2500,3300,11500,"Jun 10, 2021, 05:18 PM",buy,2.5,2.1006111078792147
16,RCG,Kesslen Jay H,President and CEO,"Dec 18, 2017",$1.60,1000,1600,2000,"Jun 10, 2021, 05:18 PM",buy,2.5,2.1006111078792147
17,RCG,Kesslen Jay H,President and CEO,"Jul 01, 2020",$1.29,4000,5160,9000,"Jun 10, 2021, 05:18 PM",buy,2.5,2.1006111078792147
18,RCG,Kesslen Jay H,President and CEO,"Dec 15, 2017",$1.47,1000,1470,1000,"Jun 10, 2021, 05:18 PM",buy,2.5,2.1006111078792147
19,RCG,Kesslen Jay H,President and CEO,"Feb 20, 2019",$1.47,2000,2940,5000,"Jun 10, 2021, 05:18 PM",buy,2.5,2.1006111078792147
20,RCG,Kesslen Jay H,President and CEO,"Oct 07, 2020",$1.33,2000,2660,13500,"Jun 10, 2021, 05:18 PM",buy,2.5,2.1006111078792147
21,RCG,Kesslen Jay H,President and CEO,"Dec 19, 2017",$1.56,1000,1560,3000,"Jun 10, 2021, 05:18 PM",buy,2.5,2.1006111078792147
22,FRG,Cozza Patrick A,Director,"Jun 09, 2021",$37.32,4000,149280,26459,"Jun 10, 2021, 05:14 PM",buy,35.27000045776367,32.68627790874905
23,HVBC,Connelly Hugh W,EVP/CLO,"Jun 08, 2021",$20.25,500,10125,1884,"Jun 10, 2021, 05:01 PM",buy,21.25,17.333938852945963
24,VKTX,FOEHR MATTHEW W,Director,"Jun 10, 2021",$5.69,20000,113800,66250,"Jun 10, 2021, 04:57 PM",buy,6.139999866485596,6.337666681077745
25,FDP,Beard Charles Jr.,Director,"Jun 08, 2021",$34.97,700,24479,5522,"Jun 10, 2021, 04:53 PM",buy,32.38999938964844,27.43011107974582
26,RCG,Williams Alun,Treasurer,"May 24, 2021",$2.71,100,271,100,"Jun 10, 2021, 04:50 PM",buy,2.5,2.1006111078792147
27,RCG,Russell Grimaldi,Secretary,"Jun 02, 2021",$2.64,400,1056,400,"Jun 10, 2021, 04:41 PM",buy,2.5,2.1006111078792147
28,HSON,Eberwein Jeffrey E.,Chief Executive Officer,"Jun 08, 2021",$18.42,500,9210,143153,"Jun 10, 2021, 04:31 PM",buy,17.770000457763672,14.014222245746188
29,HSON,Eberwein Jeffrey E.,Chief Executive Officer,"Jun 10, 2021",$19.02,500,9510,144153,"Jun 10, 2021, 04:31 PM",buy,17.770000457763672,14.014222245746188
30,HSON,Eberwein Jeffrey E.,Chief Executive Officer,"Jun 09, 2021",$18.27,500,9135,143653,"Jun 10, 2021, 04:31 PM",buy,17.770000457763672,14.014222245746188
31,GPOR,Silver Point Capital L.P.,Director,"Jun 09, 2021",$61.50,25000,1537500,8959669,"Jun 10, 2021, 04:30 PM",buy,62.81999969482422,64.1921735017196
32,GPOR,Silver Point Capital L.P.,Director,"Jun 08, 2021",$61.50,275000,16912500,8934669,"Jun 10, 2021, 04:30 PM",buy,62.81999969482422,64.1921735017196
33,CSV,Metzger Steven D,Chief Administration Officer,"Jun 10, 2021",$38.19,1000,38190,6021,"Jun 10, 2021, 04:15 PM",buy,37.0,32.86833332909478
34,PRPH,Karkus Ted William,CEO & CHAIRMAN,"Jun 03, 2021",$5.07,33943,171921,2333471,"Jun 10, 2021, 04:01 PM",buy,5.659999847412109,7.922833339373271
35,DLTR,NAYLOR JEFFREY G,Director,"Jun 09, 2021",$99.16,2500,247900,11500,"Jun 10, 2021, 04:00 PM",buy,100.31999969482422,105.7180558098687
36,TPL,STAHL MURRAY,Director,"Jun 09, 2021",$1522.00,10,15220,838,"Jun 10, 2021, 03:03 PM",buy,1516.9200439453125,1060.8615541246202
37,TPL,STAHL MURRAY,Director,"Jun 09, 2021",$1522.00,12,18264,228255,"Jun 10, 2021, 03:03 PM",buy,1516.9200439453125,1060.8615541246202
38,TPL,STAHL MURRAY,Director,"Jun 09, 2021",$1522.00,1,1522,1337,"Jun 10, 2021, 03:03 PM",buy,1516.9200439453125,1060.8615541246202
39,TPL,STAHL MURRAY,Director,"Jun 09, 2021",$1522.00,3,4566,1175,"Jun 10, 2021, 03:03 PM",buy,1516.9200439453125,1060.8615541246202
40,TPL,STAHL MURRAY,Director,"Jun 09, 2021",$1522.00,2,3044,102287,"Jun 10, 2021, 03:03 PM",buy,1516.9200439453125,1060.8615541246202
41,TPL,STAHL MURRAY,Director,"Jun 09, 2021",$1522.00,1,1522,42859,"Jun 10, 2021, 03:03 PM",buy,1516.9200439453125,1060.8615541246202
42,PFSI,"MFN Partners, LP",Director,"Jun 08, 2021",$61.85,38743,2396254,3008743,"Jun 10, 2021, 02:45 PM",buy,62.529998779296875,60.630111037360294
43,NKSH,Green Charles E III,Director,"Jun 10, 2021",$35.45,1000,35450,46238,"Jun 10, 2021, 02:05 PM",buy,34.630001068115234,32.77811108695136
44,NKSH,Green Charles E III,Director,"May 28, 2021",$34.99,1000,34990,45238,"Jun 10, 2021, 02:05 PM",buy,34.630001068115234,32.77811108695136
45,OPOF,Wash Elizabeth S,Director,"Jun 08, 2021",$23.73,200,4746,200,"Jun 10, 2021, 01:29 PM",buy,24.799999237060547,19.922777869966296
46,RCG,STAHL MURRAY,President and CEO,"Jun 09, 2021",$2.60,300,780,156850,"Jun 10, 2021, 11:13 AM",buy,2.5,2.1006111078792147
47,RCG,STAHL MURRAY,President and CEO,"Jun 09, 2021",$2.60,300,780,156550,"Jun 10, 2021, 11:13 AM",buy,2.5,2.1006111078792147
48,RCG,STAHL MURRAY,President and CEO,"Jun 09, 2021",$2.60,75,195,156250,"Jun 10, 2021, 11:13 AM",buy,2.5,2.1006111078792147
49,FRST,COOK WILLIAM RAND,Director,"Jun 09, 2021",$15.53,1650,25624,18001,"Jun 10, 2021, 10:44 AM",buy,15.100000381469727,8.01533333659172
50,MMLP,Shoup Scot A,Senior VP Operations,"Jun 09, 2021",$2.71,423,1144,25097,"Jun 10, 2021, 10:42 AM",buy,2.9800000190734863,2.106833333439297
51,MMLP,MARTIN RUBEN S,Director,"Jun 09, 2021",$2.71,522,1412,464036,"Jun 10, 2021, 10:42 AM",buy,2.9800000190734863,2.106833333439297
52,MMLP,BONDURANT ROBERT D,President and CEO,"Jun 09, 2021",$2.71,817,2210,117764,"Jun 10, 2021, 10:42 AM",buy,2.9800000190734863,2.106833333439297
53,CNNE,Coy Bryan D.,Chief Financial Officer,"Jun 09, 2021",$34.82,1000,34824,3000,"Jun 10, 2021, 10:36 AM",buy,33.0099983215332,39.66583326127794
54,USQIX,Mann Havilah Stewart,Director,"Jun 08, 2021",$25.17,139,3499,1369,"Jun 10, 2021, 10:36 AM",buy,25.0,24.842833264668783
55,ORI,KOVALESKI CHARLES J,Director,"Jun 09, 2021",$26.46,250,6615,11701,"Jun 10, 2021, 10:32 AM",buy,24.479999542236328,20.709777773751153
56,BBDC,McDonnell Thomas,Vice President,"Jun 09, 2021",$10.53,3000,31590,8000,"Jun 10, 2021, 10:31 AM",buy,10.329999923706055,9.426833317014907
57,USQIX,Fairchild Gregory B.,Director,"Jun 08, 2021",$25.17,397,9992,3795,"Jun 10, 2021, 10:29 AM",buy,25.0,24.842833264668783
58,ATLO,Hagan Patrick G,Director,"Jun 10, 2021",$25.35,200,5070,3786,"Jun 10, 2021, 10:24 AM",buy,24.670000076293945,23.55066663953993
59,ATLO,LARSON JAMES R II,Director,"Jun 09, 2021",$25.20,300,7560,7000,"Jun 10, 2021, 09:29 AM",buy,24.670000076293945,23.55066663953993
60,RPHM,Muralidhar Bali,Director,"Jun 08, 2021",$9.50,16605,157709,1894237,"Jun 10, 2021, 09:00 AM",buy,8.630000114440918,11.506470530640845
61,NHF,DONDERO JAMES D,See Remarks,"Jun 07, 2021",$13.68,5952,81423,2194986,"Jun 09, 2021, 08:32 PM",buy,14.050000190734863,11.072944434483846
62,NHF,DONDERO JAMES D,See Remarks,"Jun 08, 2021",$13.75,6225,85594,2201211,"Jun 09, 2021, 08:32 PM",buy,14.050000190734863,11.072944434483846
63,TELA,"EW HEALTHCARE PARTNERS FUND 2, L.P.",See footnote 2,"Jun 07, 2021",$12.99,10000,129900,1704262,"Jun 09, 2021, 08:20 PM",buy,15.0,14.975500011444092
64,WMPN,Hannigan Amy Jean,EVP & Dir. Corp. Development,"Jun 09, 2021",$11.34,2500,28354,7500,"Jun 09, 2021, 07:45 PM",buy,11.149999618530273,28.115611028671264
65,WMPN,Hannigan Amy Jean,EVP & Dir. Corp. Development,"Jun 09, 2021",$11.34,2500,28354,7500,"Jun 09, 2021, 07:45 PM",buy,11.149999618530273,28.115611028671264
66,ALK,KNIGHT JESSIE J JR,Director,"Jun 08, 2021",$66.26,1200,79511,4987,"Jun 09, 2021, 07:42 PM",buy,63.310001373291016,57.18983328077528
67,LULU,MORFITT MARTHA A M,Director,"Jun 08, 2021",$330.00,4800,1584000,90154,"Jun 09, 2021, 07:17 PM",buy,347.57000732421875,333.9219994439019
68,EMMA,Niihara Yutaka,Chairman and CEO,"Jun 07, 2021",$1.55,500,775,10756915,"Jun 09, 2021, 06:19 PM",buy,1.590000033378601,1.2874999990065892
69,EMMA,Niihara Yutaka,Chairman and CEO,"Jun 08, 2021",$1.61,1000,1610,10757915,"Jun 09, 2021, 06:19 PM",buy,1.590000033378601,1.2874999990065892
70,BRST,Neal Daniel J W,Director,"Jun 08, 2021",$1.85,2000,3700,736415,"Jun 09, 2021, 05:31 PM",buy,2.75,1.078500007589658
71,ASAN,Moskovitz Dustin A.,"President, CEO, & Chair","Jun 08, 2021",$39.28,250000,9820730,1300000,"Jun 09, 2021, 05:16 PM",buy,57.79999923706055,31.606777795155843
72,ASAN,Moskovitz Dustin A.,"President, CEO, & Chair","Jun 07, 2021",$39.69,250000,9922856,1050000,"Jun 09, 2021, 05:16 PM",buy,57.79999923706055,31.606777795155843
73,SVVC,Landis Kevin M,President,"Jun 08, 2021",$5.61,2000,11220,621429,"Jun 09, 2021, 04:54 PM",buy,5.71999979019165,5.217833338843452
74,AGM,Engebretsen James R,Director,"Jun 08, 2021",$101.46,4806,487600,11912,"Jun 09, 2021, 04:24 PM",buy,97.38999938964844,84.9945553249783
75,AGM,Engebretsen James R,Director,"Jun 07, 2021",$100.50,194,19497,7106,"Jun 09, 2021, 04:24 PM",buy,97.38999938964844,84.9945553249783
76,ENRT,McAllister Robert,Director,"Jun 09, 2021",$0.05,400000,20000,6905000,"Jun 09, 2021, 04:20 PM",buy,0.06318999826908112,0.0879323887742228
77,GIM,"Saba Capital Management, L.P.",10% Owner,"Jun 08, 2021",$5.63,52628,296296,24970753,"Jun 09, 2021, 03:10 PM",buy,5.559999942779541,5.4434444559945
78,UWMC,Verdun Robert,Director,"Jun 08, 2021",$9.15,25000,228750,161000,"Jun 09, 2021, 01:43 PM",buy,9.520000457763672,9.530972210566203
79,UWMC,Verdun Robert,Director,"Jun 07, 2021",$9.10,25000,227500,136000,"Jun 09, 2021, 01:43 PM",buy,9.520000457763672,9.530972210566203
80,NRIM,Karp David W,Director,"Jun 09, 2021",$44.68,550,24574,5186,"Jun 09, 2021, 01:28 PM",buy,41.86000061035156,37.576888942718504
81,QNBC,Freeman David W.,President / CEO,"May 28, 2021",$27.36,478,13078,18650,"Jun 09, 2021, 12:20 PM",buy,36.75,32.85100010765923
82,RCG,STAHL MURRAY,President & CEO,"Jun 08, 2021",$2.54,300,761,155875,"Jun 09, 2021, 11:06 AM",buy,2.5,2.1006111078792147
83,RCG,STAHL MURRAY,President & CEO,"Jun 08, 2021",$2.54,75,190,155575,"Jun 09, 2021, 11:06 AM",buy,2.5,2.1006111078792147
84,RCG,STAHL MURRAY,President & CEO,"Jun 08, 2021",$2.54,300,761,156175,"Jun 09, 2021, 11:06 AM",buy,2.5,2.1006111078792147
85,TPL,STAHL MURRAY,Director,"Jun 08, 2021",$1532.83,1,1533,42858,"Jun 09, 2021, 10:50 AM",buy,1516.9200439453125,1060.8615541246202
86,TPL,STAHL MURRAY,Director,"Jun 08, 2021",$1532.83,10,15328,828,"Jun 09, 2021, 10:50 AM",buy,1516.9200439453125,1060.8615541246202
87,TPL,STAHL MURRAY,Director,"Jun 08, 2021",$1532.83,12,18394,228243,"Jun 09, 2021, 10:50 AM",buy,1516.9200439453125,1060.8615541246202
88,TPL,STAHL MURRAY,Director,"Jun 08, 2021",$1532.83,1,1533,1336,"Jun 09, 2021, 10:50 AM",buy,1516.9200439453125,1060.8615541246202
89,TPL,STAHL MURRAY,Director,"Jun 08, 2021",$1532.83,3,4598,1172,"Jun 09, 2021, 10:50 AM",buy,1516.9200439453125,1060.8615541246202
90,TPL,STAHL MURRAY,Director,"Jun 08, 2021",$1532.83,2,3066,102285,"Jun 09, 2021, 10:50 AM",buy,1516.9200439453125,1060.8615541246202
91,CRC,ARES MANAGEMENT LLC,10% Owner,"Jun 04, 2021",$30.21,138000,4168980,16584587,"Jun 08, 2021, 07:29 PM",buy,32.59000015258789,23.71521734747087
92,ASUR,Drew William Carl,Director,"Jun 04, 2021",$8.15,20000,163000,37165,"Jun 08, 2021, 06:56 PM",buy,8.15999984741211,7.909444446033902
93,JMP,WEDBUSH SECURITIES INC,10% Owner,"Jun 04, 2021",$5.77,400,2308,2160400,"Jun 08, 2021, 06:29 PM",buy,6.03000020980835,4.5532777865727745
94,JMP,WEDBUSH SECURITIES INC,10% Owner,"Jun 07, 2021",$5.66,3800,21497,2164200,"Jun 08, 2021, 06:29 PM",buy,6.03000020980835,4.5532777865727745
95,JMP,WEDBUSH SECURITIES INC,10% Owner,"Jun 04, 2021",$5.77,400,2308,2160400,"Jun 08, 2021, 06:29 PM",buy,6.03000020980835,4.5532777865727745
96,JMP,WEDBUSH SECURITIES INC,10% Owner,"Jun 07, 2021",$5.66,3800,21497,2164200,"Jun 08, 2021, 06:29 PM",buy,6.03000020980835,4.5532777865727745
97,BH,"BIGLARI, SARDAR",Chairman and CEO,"Jun 07, 2021",$867.20,1300,1127360,80579,"Jun 08, 2021, 06:13 PM",buy,167.05999755859375,125.85627729627821
98,BH,"BIGLARI, SARDAR",Chairman and CEO,"Jun 04, 2021",$816.81,373,304670,79279,"Jun 08, 2021, 06:13 PM",buy,167.05999755859375,125.85627729627821
99,BH,"BIGLARI, SARDAR",Chairman and CEO,"Jun 08, 2021",$910.96,102,92918,80681,"Jun 08, 2021, 06:13 PM",buy,167.05999755859375,125.85627729627821
100,APTS,Finley Sara,Director,"Jun 07, 2021",$10.51,5000,52550,32594,"Jun 08, 2021, 05:59 PM",buy,10.010000228881836,8.413444466061062
1,STAY,Anand Kapila K,Director,"Jun 16, 2021",$18.75,1500,28125,0,"Jun 17, 2021, 09:59 PM",sell,20.459999084472656,16.121111080381606
2,STAY,Anand Kapila K,Director,"Jun 16, 2021",$18.75,41001,768769,0,"Jun 17, 2021, 09:59 PM",sell,20.459999084472656,16.121111080381606
3,ACEL,Harmer Derek,Secretary,"Jun 15, 2021",$12.23,8000,97840,155253,"Jun 17, 2021, 09:50 PM",sell,11.920000076293945,11.157722224129571
4,NLTX,Walkey Carl,Senior Vice President,"Jun 16, 2021",$10.19,600,6114,1352489,"Jun 17, 2021, 09:46 PM",sell,10.149999618530273,12.107250012291802
5,OTRK,PEIZER TERREN S,Executive Chairman,"Jun 15, 2021",$32.34,11000,355783,9376886,"Jun 17, 2021, 09:45 PM",sell,35.15999984741211,51.12183322906494
6,OTRK,PEIZER TERREN S,Executive Chairman,"Jun 17, 2021",$33.99,11000,373871,9358725,"Jun 17, 2021, 09:45 PM",sell,35.15999984741211,51.12183322906494
7,OTRK,PEIZER TERREN S,Executive Chairman,"Jun 16, 2021",$33.22,11000,365408,9368336,"Jun 17, 2021, 09:45 PM",sell,35.15999984741211,51.12183322906494
8,KIN,Chin Richard,Chief Executive Officer,"Jun 16, 2021",$9.18,40000,367268,1934271,"Jun 17, 2021, 09:30 PM",sell,9.1899995803833,4.710833325650957
9,FB,Newstead Jennifer,VP and General Counsel,"Jun 15, 2021",$336.99,250,84247,8890,"Jun 17, 2021, 09:28 PM",sell,329.6600036621094,285.7159438239204
10,KOD,EHRLICH JASON,See Remarks,"Jun 15, 2021",$80.90,1454,117624,67133,"Jun 17, 2021, 09:26 PM",sell,83.1500015258789,115.57683304680718
11,KOD,BORGESON JOHN A.,See Remarks,"Jun 15, 2021",$80.90,1290,104361,170319,"Jun 17, 2021, 09:24 PM",sell,83.1500015258789,115.57683304680718
12,DRNA,Paglia Regina M.,Chief Human Resources Officer,"Jun 16, 2021",$35.63,31564,1124627,369,"Jun 17, 2021, 09:18 PM",sell,36.18000030517578,25.562861082288954
13,EVOP,de Groot Steven J,"EVP, General Counsel","Jun 16, 2021",$29.22,1721,50288,9605,"Jun 17, 2021, 09:11 PM",sell,27.139999389648438,26.755722109476725
14,WISH,Just Brett,Chief Accounting Officer,"Jun 15, 2021",$11.72,3083,36133,28674,"Jun 17, 2021, 09:09 PM",sell,11.399999618530273,17.38153539116927
15,TASK,BCP FC Aggregator L.P.,10% Owner,"Jun 15, 2021",$21.74,6478658,140813636,0,"Jun 17, 2021, 09:08 PM",sell,29.110000610351562,29.918333371480305
16,NE,PACIFIC INVESTMENT MANAGEMENT CO LLC,10% Owner,"Jun 15, 2021",$24.79,200,4958,26611372,"Jun 17, 2021, 09:05 PM",sell,23.84000015258789,24.487499952316284
17,NE,PACIFIC INVESTMENT MANAGEMENT CO LLC,10% Owner,"Jun 16, 2021",$25.00,3200,80000,26608172,"Jun 17, 2021, 09:05 PM",sell,23.84000015258789,24.487499952316284
18,CYRX,Blackstone Freeze Parent L.P.,10% Owner,"Jun 15, 2021",$60.00,200000,12000000,1259019,"Jun 17, 2021, 09:01 PM",sell,60.4900016784668,54.38394436306424
19,ADPT,ROBINS CHAD M,CEO and Chairman,"Jun 15, 2021",$38.27,20000,765309,1729361,"Jun 17, 2021, 09:00 PM",sell,39.45000076293945,48.46841651068793
20,ADPT,ROBINS CHAD M,CEO and Chairman,"Jun 17, 2021",$39.53,5255,207729,1722716,"Jun 17, 2021, 09:00 PM",sell,39.45000076293945,48.46841651068793
21,ADPT,ROBINS CHAD M,CEO and Chairman,"Jun 16, 2021",$38.13,4745,180927,1723716,"Jun 17, 2021, 09:00 PM",sell,39.45000076293945,48.46841651068793
22,PRAH,Gaenzle Christopher L,"EVP, CAO & General Counsel","Jun 16, 2021",$166.52,14278,2377506,35000,"Jun 17, 2021, 08:50 PM",sell,167.19000244140625,136.7678333706326
23,PRAH,Gaenzle Christopher L,"EVP, CAO & General Counsel","Jun 15, 2021",$168.28,14588,2454836,34702,"Jun 17, 2021, 08:50 PM",sell,167.19000244140625,136.7678333706326
24,RUN,STEELE JEANNA,General Counsel,"Jun 17, 2021",$51.60,738,38083,113885,"Jun 17, 2021, 08:39 PM",sell,52.709999084472656,60.10199998219808
25,RUN,STEELE JEANNA,General Counsel,"Jun 15, 2021",$43.61,2227,97117,112847,"Jun 17, 2021, 08:39 PM",sell,52.709999084472656,60.10199998219808
26,RUN,Philpot Michelle,Chief Accounting Officer,"Jun 17, 2021",$51.66,257,13276,35872,"Jun 17, 2021, 08:39 PM",sell,52.709999084472656,60.10199998219808
27,RUN,Philpot Michelle,Chief Accounting Officer,"Jun 15, 2021",$43.66,906,39555,34925,"Jun 17, 2021, 08:39 PM",sell,52.709999084472656,60.10199998219808
28,OXLC,Eagle Point Credit Management LLC,10% Owner,"Jun 17, 2021",$245436.54,309094,75862962440,20741725,"Jun 17, 2021, 08:38 PM",sell,7.5,6.018388880623712
29,OXLC,Eagle Point Credit Management LLC,10% Owner,"Jun 16, 2021",$419607.88,453433,190264058112,21015025,"Jun 17, 2021, 08:38 PM",sell,7.5,6.018388880623712
30,OXLC,Eagle Point Credit Management LLC,10% Owner,"Jun 15, 2021",$1266239.41,1258396,1593430606957,21447625,"Jun 17, 2021, 08:38 PM",sell,7.5,6.018388880623712
31,BLFS,Hinson Andrew G,Director,"Jun 15, 2021",$38.35,2500,95875,17675,"Jun 17, 2021, 08:30 PM",sell,42.2599983215332,35.89683331383599
32,OMER,Demopulos Gregory A MD,"CHAIRMAN, CEO & PRESIDENT","Jun 17, 2021",$14.90,36857,549169,2026986,"Jun 17, 2021, 08:30 PM",sell,15.0600004196167,16.126833317014906
33,OMER,Demopulos Gregory A MD,"CHAIRMAN, CEO & PRESIDENT","Jun 15, 2021",$15.02,36856,553577,2026986,"Jun 17, 2021, 08:30 PM",sell,15.0600004196167,16.126833317014906
34,CVNA,GARCIA ERNEST C. II,10% Owner,"Jun 16, 2021",$278.32,50000,13916225,0,"Jun 17, 2021, 08:29 PM",sell,294.32000732421875,256.3241664462619
35,CVNA,GARCIA ERNEST C. II,10% Owner,"Jun 15, 2021",$272.01,50000,13600531,0,"Jun 17, 2021, 08:26 PM",sell,294.32000732421875,256.3241664462619
36,PRAH,Bonello Michael J.,EVP & CFO,"Jun 16, 2021",$166.47,17216,2865887,12764,"Jun 17, 2021, 08:25 PM",sell,167.19000244140625,136.7678333706326
37,PRAH,Bonello Michael J.,EVP & CFO,"Jun 15, 2021",$168.28,31126,5238021,12711,"Jun 17, 2021, 08:25 PM",sell,167.19000244140625,136.7678333706326
38,PRAH,SHANNON COLIN,President & CEO,"Jun 16, 2021",$166.49,88045,14658519,58730,"Jun 17, 2021, 08:21 PM",sell,167.19000244140625,136.7678333706326
39,PRAH,SHANNON COLIN,President & CEO,"Jun 15, 2021",$168.30,143303,24118440,55836,"Jun 17, 2021, 08:21 PM",sell,167.19000244140625,136.7678333706326
40,SITM,VASHIST RAJESH,Chief Executive Officer,"Jun 16, 2021",$117.38,3000,352140,629135,"Jun 17, 2021, 08:20 PM",sell,119.44000244140625,103.44400007459852
41,GO,Lindberg Eric J. Jr.,Chief Executive Officer,"Jun 16, 2021",$34.06,25000,851500,47960,"Jun 17, 2021, 08:20 PM",sell,34.5,38.765110948350696
42,W,Oblak Steve,Chief Commercial Officer,"Jun 17, 2021",$305.22,1203,367180,141462,"Jun 17, 2021, 08:12 PM",sell,303.20001220703125,290.11622246636284
43,W,Oblak Steve,Chief Commercial Officer,"Jun 16, 2021",$304.10,1981,602416,144165,"Jun 17, 2021, 08:12 PM",sell,303.20001220703125,290.11622246636284
44,OM,Brottem John L.,General Counsel,"Jun 17, 2021",$50.00,1445,72250,14672,"Jun 17, 2021, 08:08 PM",sell,49.560001373291016,51.272222222222226
45,FOLD,Crowley John F,Chairman & CEO,"Jun 15, 2021",$10.26,22000,225632,877230,"Jun 17, 2021, 08:06 PM",sell,9.930000305175781,15.484888834423488
46,ZLAB,Reinhart Harald,Chief Medical Officer,"Jun 17, 2021",$161.64,8000,1293120,0,"Jun 17, 2021, 08:04 PM",sell,157.3000030517578,137.4332226223416
47,ZLAB,Reinhart Harald,Chief Medical Officer,"Jun 16, 2021",$162.71,8000,1301680,0,"Jun 17, 2021, 08:04 PM",sell,157.3000030517578,137.4332226223416
48,SNOW,Dageville Benoit,President of Products,"Jun 15, 2021",$242.33,61364,14870626,5980891,"Jun 17, 2021, 08:04 PM",sell,249.39999389648438,262.0364446004232
49,ZLAB,Fu Tao,President & COO,"Jun 15, 2021",$165.28,10000,1652786,214648,"Jun 17, 2021, 08:01 PM",sell,157.3000030517578,137.4332226223416
50,CLDR,Hollison Mick,President,"Jun 15, 2021",$15.79,36682,579176,131175,"Jun 17, 2021, 08:01 PM",sell,15.729999542236328,13.195277796851265
51,PINS,Silbermann Benjamin,"Chairman, President, CEO, Co-F","Jun 16, 2021",$70.35,25000,1758690,17445,"Jun 17, 2021, 07:53 PM",sell,74.19000244140625,67.55633330874973
52,PINS,Silbermann Benjamin,"Chairman, President, CEO, Co-F","Jun 15, 2021",$69.93,25000,1748246,21982,"Jun 17, 2021, 07:53 PM",sell,74.19000244140625,67.55633330874973
53,PINS,Silbermann Benjamin,"Chairman, President, CEO, Co-F","Jun 17, 2021",$72.26,25000,1806390,22800,"Jun 17, 2021, 07:53 PM",sell,74.19000244140625,67.55633330874973
54,ZNGA,Siminoff Ellen F,Director,"Jun 15, 2021",$10.44,5000,52200,118087,"Jun 17, 2021, 07:48 PM",sell,10.319999694824219,9.960888870557149
55,W,Netzer Thomas,Chief Operating Officer,"Jun 16, 2021",$307.60,9,2768,24217,"Jun 17, 2021, 07:46 PM",sell,303.20001220703125,290.11622246636284
56,ZEN,Gennaro Norman,President of Sales,"Jun 15, 2021",$140.41,5000,702050,29847,"Jun 17, 2021, 07:45 PM",sell,145.92999267578125,135.5401666853163
57,ZNGA,Ryan Jeffrey Miles,Chief People Officer,"Jun 17, 2021",$10.22,17064,174394,31910,"Jun 17, 2021, 07:45 PM",sell,10.319999694824219,9.960888870557149
58,ZNGA,Phillips Phuong Y.,Chief Legal Officer,"Jun 17, 2021",$10.23,4960,50741,296019,"Jun 17, 2021, 07:43 PM",sell,10.319999694824219,9.960888870557149
59,ZS,Sinha Amit,President of R&D and CTO,"Jun 16, 2021",$213.46,8113,1731812,261318,"Jun 17, 2021, 07:42 PM",sell,218.60000610351562,180.6804162343343
60,ZS,Rajic Dali,Pres Go-To-Mkt/ Chief Rev Ofcr,"Jun 16, 2021",$213.79,11500,2458576,281713,"Jun 17, 2021, 07:41 PM",sell,218.60000610351562,180.6804162343343
61,ZS,CANESSA REMO,Chief Financial Officer,"Jun 16, 2021",$213.46,4678,998572,312280,"Jun 17, 2021, 07:41 PM",sell,218.60000610351562,180.6804162343343
62,ZNGA,Kim Bernard Jin,President of Publishing,"Jun 16, 2021",$10.20,24000,244800,1002804,"Jun 17, 2021, 07:40 PM",sell,10.319999694824219,9.960888870557149
63,ZS,Brown Andrew William Fraser,Director,"Jun 17, 2021",$212.27,10000,2122700,17632,"Jun 17, 2021, 07:40 PM",sell,218.60000610351562,180.6804162343343
64,ZNGA,Griffin James Gerard,Chief Financial Officer,"Jun 17, 2021",$10.24,15848,162284,560176,"Jun 17, 2021, 07:38 PM",sell,10.319999694824219,9.960888870557149
65,VEEV,Zuppas Eleni Nitsa,Chief Marketing Officer,"Jun 16, 2021",$301.06,425,127950,8719,"Jun 17, 2021, 07:33 PM",sell,306.70001220703125,277.66455535888673
66,BILL,Chung Bora,Chief Experience Officer,"Jun 16, 2021",$161.94,20398,3303267,45994,"Jun 17, 2021, 07:24 PM",sell,178.5,139.26116587320965
67,BE,Brennan Susan Seilheimer,EVP & COO,"Jun 17, 2021",$24.69,11397,281423,204771,"Jun 17, 2021, 07:15 PM",sell,24.649999618530273,25.923944505055747
68,KTOS,Carrai Phillip D,"President, STC Division","Jun 15, 2021",$26.45,3500,92590,124622,"Jun 17, 2021, 07:15 PM",sell,26.360000610351562,25.307555601331924
69,SEM,JACKSON MARTIN F,Executive Vice President,"Jun 16, 2021",$42.61,100000,4261000,1035428,"Jun 17, 2021, 07:14 PM",sell,40.810001373291016,30.543500010172526
70,BBW,Leavitt Craig,Director,"Jun 15, 2021",$17.60,1258,22141,79633,"Jun 17, 2021, 07:13 PM",sell,16.290000915527344,6.820888907379574
71,BBW,Leavitt Craig,Director,"Jun 16, 2021",$17.29,14002,242095,65631,"Jun 17, 2021, 07:13 PM",sell,16.290000915527344,6.820888907379574
72,RMI,DIMELLA ROBERT A,Portfolio Manager,"Jun 17, 2021",$23.16,605,14010,7651,"Jun 17, 2021, 07:13 PM",sell,23.110000610351562,21.684055529700384
73,RMI,DIMELLA ROBERT A,Portfolio Manager,"Jun 16, 2021",$23.32,6744,157242,8256,"Jun 17, 2021, 07:13 PM",sell,23.110000610351562,21.684055529700384
74,BBW,Dixon Robert L JR,Director,"Jun 16, 2021",$16.52,12111,200074,46720,"Jun 17, 2021, 07:09 PM",sell,16.290000915527344,6.820888907379574
75,BBW,Dixon Robert L JR,Director,"Jun 15, 2021",$17.60,1089,19166,58831,"Jun 17, 2021, 07:09 PM",sell,16.290000915527344,6.820888907379574
76,BE,SODERBERG SHAWN MARIE,"EVP, GC & Secretary","Jun 16, 2021",$23.79,13014,309572,335764,"Jun 17, 2021, 07:08 PM",sell,24.649999618530273,25.923944505055747
77,BE,Sridhar KR,Chairman & CEO,"Jun 16, 2021",$23.92,44356,1060898,422724,"Jun 17, 2021, 07:06 PM",sell,24.649999618530273,25.923944505055747
78,COO,Ricupati Agostino,"SVP, Fin & Tax; Chief Actg Off","Jun 17, 2021",$385.55,2200,848217,1101,"Jun 17, 2021, 07:06 PM",sell,383.9599914550781,370.3461118910048
79,NSTG,FINNEY ELISHA W,Director,"Jun 16, 2021",$58.70,2760,162012,4650,"Jun 17, 2021, 07:04 PM",sell,64.19000244140625,60.88905535803901
80,PRKR,POEHLMAN CYNTHIA,CFO,"Jun 15, 2021",$1.26,25000,31501,25293,"Jun 17, 2021, 07:04 PM",sell,1.2000000476837158,0.9339444440272119
81,RMM,DIMELLA ROBERT A,Portfolio Manager,"Jun 15, 2021",$20.35,1264,25727,14599,"Jun 17, 2021, 07:04 PM",sell,20.260000228881836,18.45722222858005
82,RMM,DIMELLA ROBERT A,Portfolio Manager,"Jun 17, 2021",$20.29,9330,189309,0,"Jun 17, 2021, 07:04 PM",sell,20.260000228881836,18.45722222858005
83,RMM,DIMELLA ROBERT A,Portfolio Manager,"Jun 16, 2021",$20.34,5269,107152,9330,"Jun 17, 2021, 07:04 PM",sell,20.260000228881836,18.45722222858005
84,RDFN,Wiener Adam,President of Real Estate Ops.,"Jun 15, 2021",$60.32,6500,392095,304966,"Jun 17, 2021, 07:02 PM",sell,59.40999984741211,63.48027773963081
85,SNAP,Andersen Derek,Chief Financial Officer,"Jun 16, 2021",$61.62,33577,2069024,1231065,"Jun 17, 2021, 07:01 PM",sell,63.16999816894531,52.30805551740858
86,SNAP,Andersen Derek,Chief Financial Officer,"Jun 15, 2021",$63.20,18928,1196250,1237749,"Jun 17, 2021, 07:01 PM",sell,63.16999816894531,52.30805551740858
87,DLR,KENNEDY KEVIN,Director,"Jun 15, 2021",$162.05,350,56718,0,"Jun 17, 2021, 06:54 PM",sell,154.1999969482422,143.80583301120333
88,KDNY,Glicklich Alan,Chief Medical Officer,"Jun 16, 2021",$16.35,20000,326968,0,"Jun 17, 2021, 06:40 PM",sell,15.180000305175781,15.76375004582935
89,OPTN,Marino Michael F III,Chief Legal Officer & Corp Sec,"Jun 17, 2021",$3.73,576,2148,98590,"Jun 17, 2021, 06:39 PM",sell,3.619999885559082,3.869055559900072
90,MATX,COX MATTHEW J,Chairman & CEO,"Jun 17, 2021",$62.61,5000,313063,308788,"Jun 17, 2021, 06:38 PM",sell,61.27000045776367,62.6537777794732
91,ZM,Azus Ryan,Chief Revenue Officer,"Jun 15, 2021",$361.77,4552,1646788,43499,"Jun 17, 2021, 06:20 PM",sell,374.239990234375,382.9409444173177
92,FICO,LANSING WILLIAM J,President and CEO,"Jun 15, 2021",$500.06,16666,8334026,160051,"Jun 17, 2021, 06:13 PM",sell,502.3500061035156,481.13716600206163
93,HCAT,Nelli James Patrick Jr.,President,"Jun 15, 2021",$56.50,3430,193787,133828,"Jun 17, 2021, 06:12 PM",sell,54.54999923706055,45.656555610232886
94,HCAT,Pramoda Anita,Director,"Jun 15, 2021",$56.53,5443,307699,4186,"Jun 17, 2021, 06:12 PM",sell,54.54999923706055,45.656555610232886
95,MDT,PARKHILL KAREN L,EVP & Chief Financial Officer,"Jun 15, 2021",$124.47,605,75304,86223,"Jun 17, 2021, 06:11 PM",sell,123.2300033569336,117.24866633945041
96,TRHC,Knowlton Orsula V,President,"Jun 15, 2021",$44.25,10000,442456,707873,"Jun 17, 2021, 06:11 PM",sell,49.099998474121094,43.05530563990275
97,CDEV,Jensen Brent P,"VP, Chief Accounting Officer","Jun 16, 2021",$6.85,17159,117539,1093039,"Jun 17, 2021, 06:10 PM",sell,6.570000171661377,3.0568388842874104
98,CDEV,Jensen Brent P,"VP, Chief Accounting Officer","Jun 15, 2021",$6.87,72969,500961,1110198,"Jun 17, 2021, 06:10 PM",sell,6.570000171661377,3.0568388842874104
99,ACET,Jakobovits Aya,Director,"Jun 15, 2021",$11.16,3847,42919,215883,"Jun 17, 2021, 06:08 PM",sell,10.539999961853027,13.430527824825711
100,OKTA,Kerrest Jacques Frederic,See Remarks,"Jun 16, 2021",$223.37,3513,784708,24459,"Jun 17, 2021, 05:57 PM",sell,239.25999450683594,243.33233337402345
1,CRSP,Kulkarni Samarth,Chief Executive Officer,"Jun 15, 2021",$126.43,30000,3792804,207336,"Jun 17, 2021, 05:44 PM",sell,127.83000183105469,129.46372218661838
2,LBTY,DICK JOHN W,Director,"Jun 15, 2021",$27.92,4252,118707,127629,"Jun 17, 2021, 05:27 PM",sell,na,na
3,ITRI,GLANVILLE THOMAS S,Director,"Jun 15, 2021",$99.31,2000,198620,7779,"Jun 17, 2021, 05:27 PM",sell,94.9800033569336,88.91850017971463
4,WDAY,Fernandez Gomez Luciano,Co-CEO,"Jun 15, 2021",$231.11,1345,310840,261714,"Jun 17, 2021, 05:27 PM",sell,236.49000549316406,237.07022154066297
5,SNEX,Dunaway William J,Chief Financial Officer,"Jun 15, 2021",$66.34,6000,398041,58321,"Jun 17, 2021, 05:25 PM",sell,62.91999816894531,61.12138871086968
6,SNEX,Dunaway William J,Chief Financial Officer,"Jun 16, 2021",$65.16,14000,912198,58321,"Jun 17, 2021, 05:25 PM",sell,62.91999816894531,61.12138871086968
7,OCGN,Subramanian Sanjay,Chief Financial Officer,"Jun 15, 2021",$7.00,31000,217000,45591,"Jun 17, 2021, 05:25 PM",sell,6.570000171661377,5.022738898131583
8,AMBA,Kohn Leslie,Chief Technology Officer,"Jun 16, 2021",$101.39,5444,551967,866907,"Jun 17, 2021, 05:22 PM",sell,97.93000030517578,91.80488902197943
9,AMBA,Wang Feng-Ming,CEO,"Jun 16, 2021",$101.39,6184,626996,605910,"Jun 17, 2021, 05:21 PM",sell,97.93000030517578,91.80488902197943
10,AMEH,Young Albert WaiChow,Chief Administrative Officer,"Jun 15, 2021",$48.58,5000,242900,1110265,"Jun 17, 2021, 05:19 PM",sell,53.470001220703125,24.84516666200426
11,INGN,Huggenberger Raymond,Director,"Jun 15, 2021",$63.81,7087,452212,23670,"Jun 17, 2021, 05:09 PM",sell,66.94999694824219,48.370722177293565
12,EMAN,GINOLA LTD,10% Owner,"Jun 16, 2021",$4.04,72552,293125,452755,"Jun 17, 2021, 05:08 PM",sell,3.869999885559082,2.5216111123561857
13,EMAN,GINOLA LTD,10% Owner,"Jun 15, 2021",$4.02,152528,613853,651594,"Jun 17, 2021, 05:08 PM",sell,3.869999885559082,2.5216111123561857
14,IONS,MUTO FREDERICK T,Director,"Jun 15, 2021",$36.63,15000,549500,31683,"Jun 17, 2021, 05:05 PM",sell,37.790000915527344,48.61572225358751
15,CVS,Brennan Troyen A,EVP and Chief Medical Officer,"Jun 15, 2021",$86.00,67552,5809472,142826,"Jun 17, 2021, 05:04 PM",sell,82.4000015258789,72.74827789730496
16,SAIL,McMartin James Cameron,Director,"Jun 15, 2021",$46.63,5000,233144,42763,"Jun 17, 2021, 05:04 PM",sell,50.18000030517578,50.22533338334825
17,SAIL,McClain Mark D.,CEO and President,"Jun 15, 2021",$47.03,20000,940600,998044,"Jun 17, 2021, 05:01 PM",sell,50.18000030517578,50.22533338334825
18,SAIL,McClain Mark D.,CEO and President,"Jun 15, 2021",$47.03,2000,94060,30000,"Jun 17, 2021, 05:01 PM",sell,50.18000030517578,50.22533338334825
19,SAIL,McClain Mark D.,CEO and President,"Jun 15, 2021",$47.03,2000,94060,30000,"Jun 17, 2021, 05:01 PM",sell,50.18000030517578,50.22533338334825
20,SAIL,McClain Mark D.,CEO and President,"Jun 15, 2021",$47.03,30000,1410900,360994,"Jun 17, 2021, 05:01 PM",sell,50.18000030517578,50.22533338334825
21,SAIL,McClain Mark D.,CEO and President,"Jun 15, 2021",$47.03,2000,94060,30000,"Jun 17, 2021, 05:01 PM",sell,50.18000030517578,50.22533338334825
22,NVTA,Knight Kenneth D.,Chief Operating Officer,"Jun 15, 2021",$30.30,14874,450687,309843,"Jun 17, 2021, 04:52 PM",sell,32.790000915527344,42.266722181108264
23,TRU,MAULDIN RICHARD DANE,EVP - Operations,"Jun 15, 2021",$106.83,1250,133538,19282,"Jun 17, 2021, 04:51 PM",sell,108.47000122070312,94.71583332485623
24,AJG,Ziebell William F,VICE PRESIDENT,"Jun 15, 2021",$144.71,13200,1910172,19362,"Jun 17, 2021, 04:51 PM",sell,137.55999755859375,124.60466647677951
25,PI,DOSSETT JEFFREY,Chief Revenue Officer,"Jun 16, 2021",$49.49,2990,147979,37015,"Jun 17, 2021, 04:50 PM",sell,49.880001068115234,48.06261111365424
26,PI,Baker Cary,Chief Financial Officer,"Jun 16, 2021",$49.47,1247,61690,25233,"Jun 17, 2021, 04:48 PM",sell,49.880001068115234,48.06261111365424
27,SABR,SHIRK DAVID J,Executive Vice President,"Jun 17, 2021",$14.00,48167,674535,228579,"Jun 17, 2021, 04:47 PM",sell,13.930000305175781,12.216250006357829
28,EGHT,Cota Germaine,Chief Accting Off./Treasurer,"Jun 16, 2021",$25.52,1857,47383,58385,"Jun 17, 2021, 04:45 PM",sell,26.239999771118164,28.042722198698257
29,VOYA,Ferrara Nancy,See Remarks,"Jun 16, 2021",$64.01,3000,192027,16816,"Jun 17, 2021, 04:45 PM",sell,59.43000030517578,59.92211119333903
30,LEVI,Friedman David A,Director,"Jun 15, 2021",$26.56,25000,664000,26126,"Jun 17, 2021, 04:44 PM",sell,24.579999923706055,22.378666644626193
31,AZEK,Kasson Michelle A,CIO,"Jun 16, 2021",$40.25,3251,130853,0,"Jun 17, 2021, 04:41 PM",sell,40.029998779296875,41.15816671583388
32,AJG,Hudson Scott R,Vice President,"Jun 15, 2021",$143.93,9500,1367335,34752,"Jun 17, 2021, 04:41 PM",sell,137.55999755859375,124.60466647677951
33,SWCH,Borden Teresa A.,Chief Construction Officer,"Jun 15, 2021",$21.28,150000,3192285,3472502,"Jun 17, 2021, 04:40 PM",sell,21.920000076293945,16.96288882361518
34,VRSN,Indelicarto Thomas C,"EVP, Gen Counsel & Secretary","Jun 16, 2021",$221.90,613,136025,56099,"Jun 17, 2021, 04:40 PM",sell,223.1699981689453,205.43216654459636
35,CRNC,Dhawan Sanjay,Chief Executive Officer,"Jun 15, 2021",$113.29,14318,1622038,309522,"Jun 17, 2021, 04:35 PM",sell,109.13999938964844,93.3376111984253
36,UNH,BURKE RICHARD T,Director,"Jun 15, 2021",$400.25,4000,1601000,1295500,"Jun 17, 2021, 04:35 PM",sell,389.3699951171875,358.41094546847876
37,BIGC,Vaillancourt Paul,Chief Services Officer,"Jun 15, 2021",$62.02,12083,749338,222195,"Jun 17, 2021, 04:35 PM",sell,63.459999084472656,67.85094470977783
38,TRIP,TEUNISSEN ERNST 02494,Chief Financial Officer,"Jun 15, 2021",$40.96,9120,373555,0,"Jun 17, 2021, 04:34 PM",sell,40.79999923706055,37.08094437917074
39,ARDX,Jacobs Jeffrey W,Chief Scientific Officer,"Jun 15, 2021",$7.29,7500,54658,124051,"Jun 17, 2021, 04:32 PM",sell,7.28000020980835,6.685611102316114
40,TRIP,Kalvert Seth J,Chief Legal Officer & Sec.,"Jun 15, 2021",$40.96,5015,205414,0,"Jun 17, 2021, 04:31 PM",sell,40.79999923706055,37.08094437917074
41,NTAP,CERNUDA CESAR,President,"Jun 15, 2021",$82.84,14000,1159735,37700,"Jun 17, 2021, 04:24 PM",sell,78.16000366210938,65.288611263699
42,MDB,Cochran Hope F,Director,"Jun 15, 2021",$344.32,500,172160,4092,"Jun 17, 2021, 04:12 PM",sell,384.0199890136719,310.68833202785913
43,IBKR,Peterffy Thomas,Chairman,"Jun 16, 2021",$64.42,20000,1288491,7228611,"Jun 17, 2021, 04:11 PM",sell,63.2599983215332,64.57950000762939
44,IBKR,Peterffy Thomas,Chairman,"Jun 15, 2021",$64.72,20000,1294400,7247511,"Jun 17, 2021, 04:11 PM",sell,63.2599983215332,64.57950000762939
45,AMD,Papermaster Mark D,Chief Technology Officer & EVP,"Jun 15, 2021",$81.05,55000,4457750,1209795,"Jun 17, 2021, 04:11 PM",sell,84.6500015258789,84.30227779812283
46,CVET,Wolin Benjamin,President and CEO,"Jun 15, 2021",$27.53,2778,76473,143412,"Jun 17, 2021, 04:10 PM",sell,25.239999771118164,29.73302778667874
47,CVET,Wolin Benjamin,President and CEO,"Jun 16, 2021",$27.48,2778,76333,140634,"Jun 17, 2021, 04:10 PM",sell,25.239999771118164,29.73302778667874
48,ENTG,OLSON PAUL L H,Director,"Jun 15, 2021",$119.41,2000,238813,23550,"Jun 17, 2021, 04:06 PM",sell,117.23999786376953,100.82772246466743
49,AXON,MCBRADY MATTHEW R,Director,"Jun 16, 2021",$155.46,660,102607,5337,"Jun 17, 2021, 04:05 PM",sell,156.85000610351562,137.64927766588
50,GTHX,Velleca Mark A.,Director,"Jun 17, 2021",$21.77,10000,217728,61000,"Jun 17, 2021, 04:05 PM",sell,20.950000762939453,19.96747221946716
51,GTHX,Velleca Mark A.,Director,"Jun 16, 2021",$21.74,10000,217384,61000,"Jun 17, 2021, 04:05 PM",sell,20.950000762939453,19.96747221946716
52,GTHX,Velleca Mark A.,Director,"Jun 15, 2021",$22.39,10000,223909,61000,"Jun 17, 2021, 04:05 PM",sell,20.950000762939453,19.96747221946716
53,CRC,ARES MANAGEMENT LLC,10% Owner,"Jun 15, 2021",$32.71,275000,8995250,15176592,"Jun 17, 2021, 04:05 PM",sell,32.59000015258789,23.71521734747087
54,SMLR,Pan Wayne T,Director,"Jun 15, 2021",$108.17,1089,117794,43778,"Jun 17, 2021, 04:03 PM",sell,109.75,92.24877226087781
55,XYL,Toussaint Claudia S,"SVP,CSO,Gen Counsel & Corp Sec","Jun 16, 2021",$116.59,5953,694056,53109,"Jun 17, 2021, 04:01 PM",sell,113.41999816894531,102.5221666124132
56,LMNR,PALAMOUNTAIN MARK,"CFO, Treasurer & Secretary","Jun 16, 2021",$18.77,650,12202,59687,"Jun 17, 2021, 04:01 PM",sell,18.06999969482422,16.546944443384806
57,EGAN,SMIT ERIC,Chief Financial Officer,"Jun 15, 2021",$10.70,5000,53520,131187,"Jun 17, 2021, 04:01 PM",sell,11.029999732971191,11.882277753618029
58,SQFT,KATZ GARY MORRIS,"SVP, Asset Management","Jun 16, 2021",$4.08,6000,24477,77747,"Jun 17, 2021, 03:42 PM",sell,4.010000228881836,3.6912500099702314
59,CMXC,HARGREAVES BRADLEY S,VP Technology & Operations,"Jun 15, 2021",$0.28,5000,1400,5638252,"Jun 17, 2021, 03:40 PM",sell,0.28999999165534973,0.29567777804202505
60,CMXC,HARGREAVES BRADLEY S,VP Technology & Operations,"Jun 16, 2021",$0.29,5000,1450,5633252,"Jun 17, 2021, 03:40 PM",sell,0.28999999165534973,0.29567777804202505
61,PD,Justice Dave,Chief Revenue Officer,"Jun 16, 2021",$40.72,1748,71186,305667,"Jun 17, 2021, 03:18 PM",sell,43.720001220703125,39.79572223027547
62,PD,Justice Dave,Chief Revenue Officer,"Jun 15, 2021",$40.85,1748,71401,306593,"Jun 17, 2021, 03:18 PM",sell,43.720001220703125,39.79572223027547
63,MRVL,Meintjes Willem A,"SVP, Chief Accounting Officer","Jun 15, 2021",$53.51,10000,535100,34136,"Jun 17, 2021, 03:05 PM",sell,54.27000045776367,46.58994439442952
64,SEDG,GANI MARCEL,Director,"Jun 15, 2021",$236.67,334,79047,27717,"Jun 17, 2021, 02:59 PM",sell,264.2300109863281,276.60049981011286
65,SEDG,GANI MARCEL,Director,"Jun 16, 2021",$248.07,333,82609,27250,"Jun 17, 2021, 02:59 PM",sell,264.2300109863281,276.60049981011286
66,CPSI,Fowler Christopher L,COO and President (TruBridge),"Jun 15, 2021",$33.84,1000,33840,52838,"Jun 17, 2021, 02:52 PM",sell,33.439998626708984,30.082000075446235
67,MRVL,MURPHY MATTHEW J,CEO and President,"Jun 15, 2021",$53.57,20000,1071400,227900,"Jun 17, 2021, 02:43 PM",sell,54.27000045776367,46.58994439442952
68,ORCC,REGENTS OF THE UNIVERSITY OF CALIFORNIA,10% Owner,"Jun 16, 2021",$14.91,124437,1855978,39139093,"Jun 17, 2021, 02:38 PM",sell,14.1899995803833,13.503500000635784
69,NTGR,MERRILL MARK G,CTO,"Jun 15, 2021",$40.84,5500,224645,47283,"Jun 17, 2021, 02:20 PM",sell,38.20000076293945,37.92383342319064
70,FFIV,Pelzer Francis J.,"EVP, Chief Financial Officer","Jun 15, 2021",$191.90,500,95950,12972,"Jun 17, 2021, 02:18 PM",sell,183.50999450683594,179.7143889957004
71,FFIV,Locoh-Donou Francois,"President, CEO & Director","Jun 15, 2021",$191.90,1300,249470,75221,"Jun 17, 2021, 02:17 PM",sell,183.50999450683594,179.7143889957004
72,CLNE,TOTAL MARKETING SERVICES S.A.S.,10% Owner,"Jun 15, 2021",$11.17,750000,8377800,42581801,"Jun 17, 2021, 02:04 PM",sell,11.779999732971191,8.861388907167647
73,RKFL,Funk Gert,Chairman,"Sep 08, 2020",$1.00,115000,115000,4985394,"Jun 17, 2021, 01:55 PM",sell,1.4500000476837158,2.0639999998940364
74,ALTR,Chouinard Brett R,See Remarks,"Jun 16, 2021",$64.07,4896,313703,15118,"Jun 17, 2021, 01:36 PM",sell,64.27999877929688,58.54155548943414
75,TFSL,MULLIGAN WILLIAM C,Director,"Jun 15, 2021",$21.06,2000,42120,48700,"Jun 17, 2021, 01:30 PM",sell,19.899999618530273,18.889888959460787
76,PNC,Fallon Kieran John,Executive Vice President,"Jun 16, 2021",$188.36,125,23545,8543,"Jun 17, 2021, 01:29 PM",sell,178.3300018310547,158.6256662580702
77,MLAB,Schmieder John Bradley,Director,"Jun 16, 2021",$262.27,505,132446,71507,"Jun 17, 2021, 01:01 PM",sell,260.19000244140625,267.97227766248915
78,CERT,Edge Justin,"PRES., REGULATORY & ACCESS","Jun 16, 2021",$27.01,5000,135075,447090,"Jun 17, 2021, 12:59 PM",sell,27.610000610351562,31.314077069209173
79,MLAB,Sakys John,CFO,"Jun 16, 2021",$255.67,2119,541765,7514,"Jun 17, 2021, 12:50 PM",sell,260.19000244140625,267.97227766248915
80,RXT,Windham Holly B.,"EVP, Chief Legal & People Off","Jun 16, 2021",$20.19,10000,201926,165666,"Jun 17, 2021, 12:45 PM",sell,19.25,20.598777823978
81,APT,Millar Donna,Director,"Jun 15, 2021",$8.02,16800,134736,1268553,"Jun 17, 2021, 12:32 PM",sell,7.639999866485596,11.974888878398472
82,MLAB,Owens Gary M,President and CEO,"Jun 16, 2021",$255.67,6545,1673360,18396,"Jun 17, 2021, 12:25 PM",sell,260.19000244140625,267.97227766248915
83,MLAB,DINOIA GREGORY,SVP Commericial,"Jun 16, 2021",$255.67,1211,309616,2973,"Jun 17, 2021, 12:16 PM",sell,260.19000244140625,267.97227766248915
84,A,Grau Dominique,Senior Vice President,"Jun 16, 2021",$145.01,3487,505653,81420,"Jun 17, 2021, 12:16 PM",sell,145.00999450683594,122.4071661207411
85,A,Grau Dominique,Senior Vice President,"Jun 15, 2021",$145.03,3578,518917,81420,"Jun 17, 2021, 12:16 PM",sell,145.00999450683594,122.4071661207411
86,A,Ancher-Jensen Henrik,Sr Vice President,"Jun 14, 2021",$143.66,43731,6282526,76902,"Jun 17, 2021, 12:13 PM",sell,145.00999450683594,122.4071661207411
87,MLAB,Archbold Brian David,SVP Continuous Improvement,"Jun 16, 2021",$257.06,1336,343430,1608,"Jun 17, 2021, 12:06 PM",sell,260.19000244140625,267.97227766248915
88,SQFT,Bruen David,Director,"Jun 16, 2021",$4.11,2000,8225,35018,"Jun 17, 2021, 11:46 AM",sell,4.010000228881836,3.6912500099702314
89,SKX,GREENBERG JEFFREY,Director,"Jun 15, 2021",$48.85,10000,488491,831611,"Jun 17, 2021, 11:39 AM",sell,47.02000045776367,39.21555544535319
90,SKX,GREENBERG JEFFREY,Director,"Jun 16, 2021",$49.25,11150,549138,135054,"Jun 17, 2021, 11:39 AM",sell,47.02000045776367,39.21555544535319
91,SKX,GREENBERG JEFFREY,Director,"Jun 16, 2021",$49.25,10983,540913,115793,"Jun 17, 2021, 11:39 AM",sell,47.02000045776367,39.21555544535319
92,SKX,GREENBERG JEFFREY,Director,"Jun 16, 2021",$49.25,23212,1143191,808399,"Jun 17, 2021, 11:39 AM",sell,47.02000045776367,39.21555544535319
93,GOOG,Pichai Sundar,Chief Executive Officer,"Jun 16, 2021",$2515.71,3000,7547145,103161,"Jun 17, 2021, 11:20 AM",sell,2511.35009765625,1994.1341098361545
94,BKE,MOLCZYK KELLI D,VP WOMEN'S MERCHANDISING,"Jun 16, 2021",$42.04,2500,105112,53163,"Jun 17, 2021, 11:12 AM",sell,40.15999984741211,35.224222130245636
95,QURE,Kuta Alexander Edward III,"Executive VP, Operations","Jun 15, 2021",$35.43,6000,212580,68871,"Jun 17, 2021, 11:00 AM",sell,32.869998931884766,37.49538880454169
96,MSEX,Sohler Bernadette M,VP-Corporate Affairs,"Jun 16, 2021",$86.50,1000,86500,0,"Jun 17, 2021, 10:27 AM",sell,84.26000213623047,75.51994395785862
97,MAXR,Lee James CI,"SVP, General Counsel & Secty","Jun 16, 2021",$40.00,15789,631560,67433,"Jun 17, 2021, 09:05 AM",sell,38.88999938964844,36.213722186618384
98,IIVI,MATTERA VINCENT D JR,Chief Executive Officer,"Jun 16, 2021",$69.20,8500,588175,373088,"Jun 17, 2021, 08:50 AM",sell,67.45999908447266,70.35677774217393
99,SAM,KOCH C JAMES,Chairman,"Jun 16, 2021",$1003.34,2500,2508357,99694,"Jun 17, 2021, 08:39 AM",sell,970.0800170898438,1044.2397755940756
100,CELH,Li Ka Shing,10% Owner,"Jun 14, 2021",$62.50,2410878,150679875,6655136,"Jun 17, 2021, 06:03 AM",sell,65.4000015258789,47.9293334113227
1,BPSR,Shapiro George Craig,Chief Medical Officer,"Jun 15, 2021",$0.16,50000,8000,80675596,"Jun 16, 2021, 09:50 PM",sell,0.13899999856948853,0.1393222227692604
2,BPSR,Shapiro George Craig,Chief Medical Officer,"Jun 14, 2021",$0.14,32000,4480,80725596,"Jun 16, 2021, 09:50 PM",sell,0.13899999856948853,0.1393222227692604
3,BPSR,Shapiro George Craig,Chief Medical Officer,"Jun 16, 2021",$0.15,61454,9339,80635221,"Jun 16, 2021, 09:50 PM",sell,0.13899999856948853,0.1393222227692604
4,BPSR,MITRANI MARIA INES,Chief Science Officer,"Jun 15, 2021",$0.16,50000,8000,116807890,"Jun 16, 2021, 09:48 PM",sell,0.13899999856948853,0.1393222227692604
5,BPSR,MITRANI MARIA INES,Chief Science Officer,"Jun 14, 2021",$0.14,50000,7000,116857890,"Jun 16, 2021, 09:48 PM",sell,0.13899999856948853,0.1393222227692604
6,BPSR,MITRANI MARIA INES,Chief Science Officer,"Jun 16, 2021",$0.16,50000,8050,116757890,"Jun 16, 2021, 09:48 PM",sell,0.13899999856948853,0.1393222227692604
7,REPL,Love Colin,Chief Operating Officer,"Jun 15, 2021",$34.10,30000,1022906,878009,"Jun 16, 2021, 09:47 PM",sell,35.400001525878906,37.80563893847995
8,BPSR,BOTHWELL IAN T,Chief Financial Officer,"Jun 15, 2021",$0.16,50000,8000,148158726,"Jun 16, 2021, 09:47 PM",sell,0.13899999856948853,0.1393222227692604
9,BPSR,BOTHWELL IAN T,Chief Financial Officer,"Jun 14, 2021",$0.14,50000,7000,148208726,"Jun 16, 2021, 09:47 PM",sell,0.13899999856948853,0.1393222227692604
10,BPSR,BOTHWELL IAN T,Chief Financial Officer,"Jun 16, 2021",$0.15,90000,13890,148108726,"Jun 16, 2021, 09:47 PM",sell,0.13899999856948853,0.1393222227692604
11,DLR,Mercier Matt,"SVP, FINANCE AND ACCOUNTING","Jun 14, 2021",$162.25,205,33261,0,"Jun 16, 2021, 09:42 PM",sell,154.1999969482422,143.80583301120333
12,HGEN,Durrant Cameron,Chief Executive Officer,"Jun 14, 2021",$20.64,81441,1680934,85000,"Jun 16, 2021, 09:40 PM",sell,18.219999313354492,16.02038891845279
13,STKS,Segal Jonathan,"Director, Business Development","Jun 16, 2021",$11.42,9303,106197,4167989,"Jun 16, 2021, 09:39 PM",sell,10.779999732971191,5.830805563926697
14,FLEX,OFFER DAVID SCOTT,"EVP, General Counsel","Jun 14, 2021",$18.26,11449,209107,216053,"Jun 16, 2021, 09:34 PM",sell,16.81999969482422,17.174722152286105
15,FLEX,Hartung Michael P,"President, Agility Solutions","Jun 15, 2021",$18.05,5440,98214,132276,"Jun 16, 2021, 09:33 PM",sell,16.81999969482422,17.174722152286105
16,FLEX,Bennett David P,Chief Accounting Officer,"Jun 14, 2021",$18.26,55778,1018647,167985,"Jun 16, 2021, 09:31 PM",sell,16.81999969482422,17.174722152286105
17,FLEX,Barbier Francois,Group President,"Jun 14, 2021",$18.27,19906,363645,483714,"Jun 16, 2021, 09:30 PM",sell,16.81999969482422,17.174722152286105
18,FLEX,Advaithi Revathi,Chief Executive Officer,"Jun 14, 2021",$18.26,49065,896074,993242,"Jun 16, 2021, 09:29 PM",sell,16.81999969482422,17.174722152286105
19,ATLC,Howard Jeffrey A.,President & CEO,"Jun 14, 2021",$40.07,4975,199348,430571,"Jun 16, 2021, 09:00 PM",sell,37.150001525878906,25.664444473054672
20,FB,Zuckerberg Mark,COB and CEO,"Jun 14, 2021",$334.46,6300,2107120,5980,"Jun 16, 2021, 08:55 PM",sell,329.6600036621094,285.7159438239204
21,FB,Zuckerberg Mark,COB and CEO,"Jun 14, 2021",$334.47,15000,5017065,2065096,"Jun 16, 2021, 08:55 PM",sell,329.6600036621094,285.7159438239204
22,FB,Zuckerberg Mark,COB and CEO,"Jun 14, 2021",$334.56,56000,18735129,53696,"Jun 16, 2021, 08:55 PM",sell,329.6600036621094,285.7159438239204
23,SUM,LANCE HOWARD L,Director,"Jun 14, 2021",$34.30,82500,2829750,93994,"Jun 16, 2021, 08:38 PM",sell,32.20000076293945,25.04544447792901
24,SUM,LANCE HOWARD L,Director,"Jun 16, 2021",$34.33,90000,3089700,3994,"Jun 16, 2021, 08:38 PM",sell,32.20000076293945,25.04544447792901
25,SUM,LANCE HOWARD L,Director,"Jun 15, 2021",$34.53,82500,2848725,93994,"Jun 16, 2021, 08:38 PM",sell,32.20000076293945,25.04544447792901
26,ZIP,SIEGEL IAN H.,Chief Executive Officer,"Jun 14, 2021",$21.28,10000,212800,25626,"Jun 16, 2021, 08:37 PM",sell,21.260000228881836,22.262941023882696
27,DKNG,Meckenzie Shalom,Director,"Jun 14, 2021",$51.56,660000,34027127,21528079,"Jun 16, 2021, 08:36 PM",sell,48.060001373291016,53.47641675737169
28,BLFS,Berard Todd,Chief Marketing Officer,"Jun 16, 2021",$39.26,6160,241842,79566,"Jun 16, 2021, 08:30 PM",sell,42.2599983215332,35.89683331383599
29,BLFS,Berard Todd,Chief Marketing Officer,"Jun 15, 2021",$39.38,6160,242581,79566,"Jun 16, 2021, 08:30 PM",sell,42.2599983215332,35.89683331383599
30,BLFS,Mathew Aby J.,Exec VP & Chief Scientific Off,"Jun 16, 2021",$39.27,10000,392700,210304,"Jun 16, 2021, 08:30 PM",sell,42.2599983215332,35.89683331383599
31,BLFS,Mathew Aby J.,Exec VP & Chief Scientific Off,"Jun 14, 2021",$38.90,10000,389000,210304,"Jun 16, 2021, 08:30 PM",sell,42.2599983215332,35.89683331383599
32,MDLA,Oulman Roxanne,CFO and EVP,"Jun 15, 2021",$31.52,6680,210560,499918,"Jun 16, 2021, 08:22 PM",sell,31.850000381469727,32.49933336046007
33,RNA,LEVIN ARTHUR A,Chief Scientific Officer,"Jun 15, 2021",$26.02,23019,599067,0,"Jun 16, 2021, 08:21 PM",sell,26.809999465942383,25.661527739630806
34,RNA,LEVIN ARTHUR A,Chief Scientific Officer,"Jun 14, 2021",$25.92,14003,362921,23019,"Jun 16, 2021, 08:21 PM",sell,26.809999465942383,25.661527739630806
35,AGYS,Badger Kyle C,"SVP, GC and Secretary","Jun 14, 2021",$56.62,2930,165897,106427,"Jun 16, 2021, 08:17 PM",sell,54.38999938964844,44.303555499182806
36,AGYS,SRINIVASAN RAMESH,President & CEO,"Jun 15, 2021",$54.32,38730,2103814,642906,"Jun 16, 2021, 08:16 PM",sell,54.38999938964844,44.303555499182806
37,AGYS,SRINIVASAN RAMESH,President & CEO,"Jun 14, 2021",$56.01,9418,527502,681636,"Jun 16, 2021, 08:16 PM",sell,54.38999938964844,44.303555499182806
38,AGYS,SRINIVASAN RAMESH,President & CEO,"Jun 16, 2021",$54.01,21707,1172395,621199,"Jun 16, 2021, 08:16 PM",sell,54.38999938964844,44.303555499182806
39,DM,HSIEH Wen Hsuan,Director,"Jun 15, 2021",$12.12,100000,1211570,17631665,"Jun 16, 2021, 08:01 PM",sell,12.569999694824219,16.209388886557687
40,DM,HSIEH Wen Hsuan,Director,"Jun 14, 2021",$12.60,125000,1575238,17731665,"Jun 16, 2021, 08:01 PM",sell,12.569999694824219,16.209388886557687
41,STTK,Hornblower Josiah,Director,"Jun 16, 2021",$27.80,8691,241593,3107411,"Jun 16, 2021, 07:31 PM",sell,29.34000015258789,34.71844827717748
42,STTK,Hornblower Josiah,Director,"Jun 15, 2021",$27.47,7293,200342,3116102,"Jun 16, 2021, 07:31 PM",sell,29.34000015258789,34.71844827717748
43,STTK,Hornblower Josiah,Director,"Jun 14, 2021",$29.05,5356,155609,3123395,"Jun 16, 2021, 07:31 PM",sell,29.34000015258789,34.71844827717748
44,MU,Zinsner David,SVP & Chief Financial Officer,"Jun 15, 2021",$82.19,8050,661612,125025,"Jun 16, 2021, 07:31 PM",sell,76.94999694824219,76.13538898891873
45,SWAV,WATKINS FRANK T,Director,"Jun 15, 2021",$188.34,2000,376680,78611,"Jun 16, 2021, 07:28 PM",sell,188.1699981689453,120.0808334350586
46,STTK,Neill Andrew R,Chief Financial Officer,"Jun 15, 2021",$27.53,2000,55051,55963,"Jun 16, 2021, 07:27 PM",sell,29.34000015258789,34.71844827717748
47,ITI,Bergera J. Joseph,President and CEO,"Jun 16, 2021",$7.00,32855,230005,92716,"Jun 16, 2021, 07:20 PM",sell,7.369999885559082,5.917833357387119
48,TLYS,SHAKED HEZY,See Remarks,"Jun 15, 2021",$16.26,2000,32525,0,"Jun 16, 2021, 07:20 PM",sell,15.380000114440918,10.317388884226482
49,WSM,ALBER LAURA,PRESIDENT & CEO,"Jun 14, 2021",$166.78,5000,833897,543962,"Jun 16, 2021, 07:13 PM",sell,150.92999267578125,134.698833211263
50,CRVL,CLEMONS V GORDON,Chairman of the Board,"Jun 14, 2021",$122.80,1000,122800,602207,"Jun 16, 2021, 07:11 PM",sell,122.0,104.16172231038412
51,CRVL,CLEMONS V GORDON,Chairman of the Board,"Jun 15, 2021",$121.05,1000,121049,601207,"Jun 16, 2021, 07:11 PM",sell,122.0,104.16172231038412
52,CME,CRONIN KATHLEEN M,Sr MD Gen Counsel & Corp Secr,"Jun 14, 2021",$215.31,4092,881049,42481,"Jun 16, 2021, 07:07 PM",sell,210.7100067138672,191.54116660224068
53,AMK,Mehta Mukesh,"EVP, Chief Information Officer","Jun 16, 2021",$27.00,100,2700,306794,"Jun 16, 2021, 07:05 PM",sell,26.139999389648438,23.963111114501952
54,SEM,CRESSEY BRYAN C,Director,"Jun 15, 2021",$42.38,10000,423800,70000,"Jun 16, 2021, 07:03 PM",sell,40.810001373291016,30.543500010172526
55,KRTX,Ignelzi Troy A.,Chief Financial Officer,"Jun 16, 2021",$129.31,2600,336200,13000,"Jun 16, 2021, 07:01 PM",sell,133.55999755859375,106.72616704305013
56,KRTX,Ignelzi Troy A.,Chief Financial Officer,"Jun 14, 2021",$132.52,900,119268,13000,"Jun 16, 2021, 07:01 PM",sell,133.55999755859375,106.72616704305013
57,MTN,Vaughn Peter A,Director,"Jun 15, 2021",$321.93,1000,321930,7025,"Jun 16, 2021, 07:00 PM",sell,316.2799987792969,287.7591121249729
58,ADPT,GRIFFIN MICHELLE RENEE,Director,"Jun 14, 2021",$38.56,2500,96400,1504,"Jun 16, 2021, 07:00 PM",sell,39.45000076293945,48.46841651068793
59,SNAP,Coles Joanna,Director,"Jun 14, 2021",$64.57,1986,128236,43527,"Jun 16, 2021, 07:00 PM",sell,63.16999816894531,52.30805551740858
60,ZM,Pelosi Janine,Chief Marketing Officer,"Jun 14, 2021",$361.90,4000,1447600,17572,"Jun 16, 2021, 06:54 PM",sell,374.239990234375,382.9409444173177
61,ZM,Bawa Aparna,Chief Operating Officer,"Jun 14, 2021",$365.10,2593,946707,156376,"Jun 16, 2021, 06:54 PM",sell,374.239990234375,382.9409444173177
62,RAPT,HO WILLIAM,Chief Medical Officer,"Jun 14, 2021",$40.00,2000,80000,60529,"Jun 16, 2021, 06:53 PM",sell,34.56999969482422,23.30705558458964
63,CRC,GOLDENTREE ASSET MANAGEMENT LP,10% Owner,"Jun 14, 2021",$33.34,240809,8027654,15525587,"Jun 16, 2021, 06:53 PM",sell,32.59000015258789,23.71521734747087
64,LOV,Canaan VIII LP,10% Owner,"Jun 16, 2021",$5.40,8813,47572,2715250,"Jun 16, 2021, 06:50 PM",sell,5.610000133514404,5.620222237375048
65,LOV,Canaan VIII LP,10% Owner,"Jun 15, 2021",$5.37,12000,64476,2724063,"Jun 16, 2021, 06:50 PM",sell,5.610000133514404,5.620222237375048
66,CIEN,Rothenstein David M,"Sr. VP, General Counsel","Jun 15, 2021",$58.13,3000,174390,264168,"Jun 16, 2021, 06:44 PM",sell,56.150001525878906,50.776722229851615
67,AEO,McLean Andrew J.,EVP & Chief Commercial Officer,"Jun 14, 2021",$35.00,18549,649215,28610,"Jun 16, 2021, 06:40 PM",sell,33.11000061035156,25.144944434695773
68,NTRA,Chapman Steven Leonard,CEO AND PRESIDENT,"Jun 14, 2021",$103.61,26092,2703397,87652,"Jun 16, 2021, 06:31 PM",sell,102.87999725341797,97.55158314175075
69,SQSP,Casalena Anthony,Chief Executive Officer,"Jun 14, 2021",$60.00,94325,5659500,467317,"Jun 16, 2021, 06:30 PM",sell,63.54999923706055,55.01590919494629
70,MIME,Bauer Peter,Chief Executive Officer,"Jun 15, 2021",$52.25,17500,914336,1351876,"Jun 16, 2021, 06:30 PM",sell,53.209999084472656,45.41391667260064
71,FOX,DINH VIET D,Chief Legal and Policy Officer,"Jun 15, 2021",$37.51,35704,1339257,10288,"Jun 16, 2021, 06:24 PM",sell,35.779998779296875,32.2808333184984
72,AIRC,Beldin Paul,Executive Vice President - CFO,"Jun 15, 2021",$50.03,4310,215608,64826,"Jun 16, 2021, 06:24 PM",sell,47.18000030517578,42.86585941910744
73,AIRC,Beldin Paul,Executive Vice President - CFO,"Jun 14, 2021",$50.01,6902,345152,69136,"Jun 16, 2021, 06:24 PM",sell,47.18000030517578,42.86585941910744
74,WMT,WALTON S ROBSON,Director,"Jun 14, 2021",$140.40,1013942,142352995,338961806,"Jun 16, 2021, 06:23 PM",sell,135.1699981689453,141.67944433424208
75,WMT,WALTON S ROBSON,Director,"Jun 16, 2021",$137.84,1230301,169587936,337307075,"Jun 16, 2021, 06:23 PM",sell,135.1699981689453,141.67944433424208
76,WMT,WALTON S ROBSON,Director,"Jun 15, 2021",$140.00,851363,119188058,338120443,"Jun 16, 2021, 06:23 PM",sell,135.1699981689453,141.67944433424208
77,DLB,YEAMAN KEVIN J,President and CEO,"Jun 15, 2021",$99.58,29457,2933352,36789,"Jun 16, 2021, 06:22 PM",sell,97.94000244140625,91.94927762349447
78,IIPR,Gold Alan D,Executive Chairman,"Jun 16, 2021",$33.81,1108,37462,36577,"Jun 16, 2021, 06:21 PM",sell,184.3699951171875,173.85277786254883
79,IIPR,Gold Alan D,Executive Chairman,"Jun 15, 2021",$34.01,1161,39487,37685,"Jun 16, 2021, 06:21 PM",sell,184.3699951171875,173.85277786254883
80,SENS,JAIN Mukul,Chief Operating Officer,"Jun 14, 2021",$4.36,50000,218000,1970557,"Jun 16, 2021, 06:21 PM",sell,3.4600000381469727,1.836394449737337
81,WMT,WALTON ALICE L,10% Owner,"Jun 16, 2021",$137.84,1230301,169587936,337307075,"Jun 16, 2021, 06:20 PM",sell,135.1699981689453,141.67944433424208
82,WMT,WALTON ALICE L,10% Owner,"Jun 15, 2021",$140.00,851363,119188058,338120443,"Jun 16, 2021, 06:20 PM",sell,135.1699981689453,141.67944433424208
83,WMT,WALTON ALICE L,10% Owner,"Jun 14, 2021",$140.40,1013942,142352995,338961806,"Jun 16, 2021, 06:20 PM",sell,135.1699981689453,141.67944433424208
84,LII,Young Douglas L,"EVP, President & COO RHC","Jun 15, 2021",$334.97,8704,2915589,62824,"Jun 16, 2021, 06:19 PM",sell,321.05999755859375,302.4076656765408
85,NVDA,BURGESS ROBERT K,Director,"Jun 15, 2021",$713.22,4000,2852879,9541,"Jun 16, 2021, 06:18 PM",sell,745.5499877929688,562.6431672837999
86,WMT,WALTON JIM C,10% Owner,"Jun 15, 2021",$140.00,851363,119188058,338120443,"Jun 16, 2021, 06:17 PM",sell,135.1699981689453,141.67944433424208
87,WMT,WALTON JIM C,10% Owner,"Jun 14, 2021",$140.40,1013942,142352995,338961806,"Jun 16, 2021, 06:17 PM",sell,135.1699981689453,141.67944433424208
88,WMT,WALTON JIM C,10% Owner,"Jun 16, 2021",$137.84,1230301,169587936,337307075,"Jun 16, 2021, 06:17 PM",sell,135.1699981689453,141.67944433424208
89,CIEN,PETRIK ANDREW C,"VP, CONTROLLER","Jun 15, 2021",$58.13,1000,58130,34522,"Jun 16, 2021, 06:14 PM",sell,56.150001525878906,50.776722229851615
90,MIME,Anderson Karen M.,Chief Human Resources Officer,"Jun 15, 2021",$52.20,21067,1099691,0,"Jun 16, 2021, 06:05 PM",sell,53.209999084472656,45.41391667260064
91,MIME,Anderson Karen M.,Chief Human Resources Officer,"Jun 14, 2021",$52.02,13530,703889,4365,"Jun 16, 2021, 06:05 PM",sell,53.209999084472656,45.41391667260064
92,RFP,Ouellet Daniel,SVP Human Resources,"Jun 16, 2021",$13.51,5000,67550,100865,"Jun 16, 2021, 06:05 PM",sell,12.6899995803833,9.285944483015273
93,AYRO,Keller Rodney C. Jr.,Chief Executive Officer,"Jun 15, 2021",$5.21,70000,364560,511250,"Jun 16, 2021, 05:55 PM",sell,5.289999961853027,5.6860555556085375
94,AYRO,Keller Rodney C. Jr.,Chief Executive Officer,"Jun 14, 2021",$5.47,70000,382627,581250,"Jun 16, 2021, 05:55 PM",sell,5.289999961853027,5.6860555556085375
95,CHWY,Helfrick Susan,General Counsel,"Jun 14, 2021",$75.04,18646,1399233,70974,"Jun 16, 2021, 05:55 PM",sell,78.5,82.41905528174506
96,CHWY,Helfrick Susan,General Counsel,"Jun 15, 2021",$74.99,18658,1399201,52316,"Jun 16, 2021, 05:55 PM",sell,78.5,82.41905528174506
97,NWPX,LARSON KEITH R,Director,"Jun 14, 2021",$30.08,1000,30084,21414,"Jun 16, 2021, 05:54 PM",sell,28.75,30.91461113823785
98,APPS,COLLINS CHRISTINE,Chief Technology Officer,"Jun 15, 2021",$70.02,40000,2800800,0,"Jun 16, 2021, 05:52 PM",sell,67.56999969482422,60.96538878546821
99,NVTA,Guyer Shelly D,Chief Financial Officer,"Jun 14, 2021",$31.63,9910,313405,241975,"Jun 16, 2021, 05:52 PM",sell,32.790000915527344,42.266722181108264
100,NVTA,Stueland Katherine,Chief Commercial Officer,"Jun 14, 2021",$31.60,20340,642679,223065,"Jun 16, 2021, 05:51 PM",sell,32.790000915527344,42.266722181108264
